Station_ID,Location,Timestamp,Energy_kWh,Session_Duration,Connector_Type,Vehicle_Type,Charging_Price
ST007,Bangalore,2025-06-22 22:23:00,23.97,103,CHAdeMO,3W,272.21
ST009,Delhi,2025-06-03 11:36:00,3.89,17,Type 2,Truck,44.33
ST008,Bangalore,2025-06-04 09:46:00,22.98,140,CCS,4W,188.47
ST004,Delhi,2025-06-30 06:40:00,20.05,111,Type 2,2W,197.22
ST010,Mumbai,2025-06-05 00:08:00,26.9,142,Type 1,Bus,295.39
ST001,Chennai,2025-06-19 08:39:00,12.86,120,Type 1,2W,143.61
ST010,Hyderabad,2025-06-24 03:14:00,22.34,158,CHAdeMO,4W,211.19
ST001,Bangalore,2025-06-21 16:23:00,20.99,99,CHAdeMO,4W,228.03
ST002,Chennai,2025-06-30 23:42:00,7.13,71,CCS,4W,72.66
ST006,Chennai,2025-06-03 02:00:00,11.31,57,CHAdeMO,2W,101.98
ST004,Bangalore,2025-06-06 11:53:00,16.46,115,Type 2,4W,138.78
ST007,Chennai,2025-06-29 19:40:00,20.57,165,CHAdeMO,Bus,218.74
ST009,Bangalore,2025-06-23 16:51:00,3.3,16,Type 1,Truck,38.75
ST010,Mumbai,2025-06-24 03:14:00,14.3,60,Type 2,3W,120.32
ST010,Delhi,2025-06-15 15:32:00,39.78,144,CHAdeMO,Truck,463.98
ST004,Hyderabad,2025-06-19 02:34:00,30.0,102,CHAdeMO,3W,256.58
ST010,Delhi,2025-06-14 14:29:00,42.18,155,Type 2,3W,372.82
ST005,Hyderabad,2025-06-07 00:54:00,12.05,60,CCS,2W,133.07
ST009,Mumbai,2025-06-27 12:34:00,46.45,161,CHAdeMO,Truck,424.73
ST007,Chennai,2025-06-24 18:57:00,4.41,42,Type 2,2W,47.1
ST004,Hyderabad,2025-06-08 07:47:00,20.83,88,Type 2,2W,224.18
ST005,Bangalore,2025-06-25 15:06:00,3.95,23,CHAdeMO,2W,41.33
ST009,Bangalore,2025-06-30 10:49:00,28.09,158,CCS,2W,328.82
ST007,Mumbai,2025-06-15 05:30:00,17.28,156,CCS,3W,181.13
ST008,Bangalore,2025-06-29 20:15:00,31.24,180,Type 2,3W,286.68
ST003,Chennai,2025-06-09 12:13:00,14.57,59,Type 1,Bus,118.93
ST005,Delhi,2025-06-13 00:37:00,6.34,48,CCS,2W,59.1
ST003,Chennai,2025-06-07 23:53:00,21.28,97,CCS,Bus,237.48
ST009,Hyderabad,2025-06-04 07:36:00,19.69,96,Type 2,Truck,162.89
ST009,Bangalore,2025-06-19 22:18:00,31.94,154,Type 1,4W,283.78
ST004,Hyderabad,2025-06-16 01:36:00,16.98,107,CHAdeMO,Truck,191.78
ST001,Chennai,2025-06-16 17:55:00,19.1,129,Type 2,2W,204.95
ST006,Mumbai,2025-06-06 03:50:00,17.1,113,CCS,2W,199.14
ST006,Delhi,2025-06-24 03:40:00,25.46,129,CCS,3W,236.3
ST002,Chennai,2025-06-08 14:50:00,31.41,152,Type 1,3W,335.5
ST004,Mumbai,2025-06-05 17:30:00,13.91,67,CHAdeMO,2W,152.84
ST003,Chennai,2025-06-21 21:35:00,10.65,99,Type 1,2W,92.78
ST005,Delhi,2025-06-04 04:56:00,42.82,162,CCS,Bus,409.02
ST007,Mumbai,2025-06-15 09:35:00,3.38,19,Type 1,Truck,27.12
ST010,Chennai,2025-06-27 15:38:00,6.24,26,Type 1,4W,73.08
ST002,Hyderabad,2025-06-14 17:09:00,19.94,170,CHAdeMO,Bus,191.03
ST001,Mumbai,2025-06-08 02:44:00,21.74,151,CHAdeMO,Truck,199.57
ST003,Hyderabad,2025-06-30 11:43:00,32.06,110,Type 1,Truck,368.66
ST003,Chennai,2025-06-02 21:37:00,3.43,16,CHAdeMO,Truck,34.95
ST002,Hyderabad,2025-06-10 13:26:00,14.66,103,Type 2,3W,128.07
ST010,Hyderabad,2025-06-09 20:15:00,6.0,44,Type 1,Truck,59.07
ST009,Chennai,2025-06-14 05:28:00,4.8,32,Type 2,Truck,47.75
ST006,Hyderabad,2025-06-06 20:02:00,9.0,75,Type 1,3W,83.44
ST008,Hyderabad,2025-06-29 01:12:00,22.2,93,Type 2,Truck,227.94
ST006,Mumbai,2025-06-08 16:11:00,2.6,16,Type 2,Bus,23.68
ST006,Bangalore,2025-06-16 02:09:00,26.38,137,CCS,4W,262.43
ST002,Bangalore,2025-06-30 09:06:00,19.79,170,CCS,3W,228.88
ST004,Hyderabad,2025-06-29 12:26:00,8.35,34,Type 1,Truck,87.9
ST010,Delhi,2025-06-19 10:30:00,23.66,166,Type 1,Truck,213.94
ST009,Mumbai,2025-06-30 18:14:00,9.18,53,Type 2,Truck,100.36
ST005,Bangalore,2025-06-22 03:34:00,28.9,143,CHAdeMO,4W,289.25
ST004,Delhi,2025-06-08 13:08:00,18.7,146,Type 2,3W,191.96
ST010,Bangalore,2025-06-23 00:06:00,11.46,106,CHAdeMO,3W,94.56
ST006,Bangalore,2025-06-02 22:45:00,13.64,67,CCS,Bus,134.75
ST008,Chennai,2025-06-02 19:35:00,11.7,97,CCS,4W,120.68
ST010,Bangalore,2025-06-18 03:24:00,19.21,111,Type 1,Truck,173.01
ST004,Delhi,2025-06-19 11:17:00,27.66,105,CCS,Bus,308.98
ST010,Chennai,2025-06-23 20:08:00,9.4,50,Type 2,2W,94.55
ST005,Bangalore,2025-06-07 20:06:00,8.15,62,Type 1,3W,78.72
ST006,Chennai,2025-06-22 21:56:00,26.83,137,Type 2,Bus,217.05
ST001,Bangalore,2025-06-27 02:24:00,21.95,166,Type 1,Truck,188.49
ST003,Hyderabad,2025-06-09 04:38:00,42.87,147,Type 1,4W,505.4
ST004,Mumbai,2025-06-28 14:29:00,36.92,135,Type 2,3W,417.99
ST010,Bangalore,2025-06-27 12:24:00,13.7,61,CCS,3W,149.29
ST006,Mumbai,2025-06-28 03:34:00,18.89,166,CHAdeMO,Bus,161.11
ST001,Bangalore,2025-06-24 18:56:00,34.11,144,Type 2,Truck,286.02
ST008,Delhi,2025-06-28 07:09:00,6.61,24,Type 1,2W,65.63
ST003,Delhi,2025-06-25 13:02:00,4.19,15,CHAdeMO,Truck,40.57
ST001,Delhi,2025-06-20 12:32:00,21.0,73,CHAdeMO,Bus,197.44
ST010,Chennai,2025-06-20 08:44:00,7.39,49,Type 2,2W,67.49
ST009,Mumbai,2025-06-12 17:35:00,6.37,63,Type 1,Truck,64.27
ST009,Chennai,2025-06-18 01:37:00,15.92,67,CCS,Bus,150.43
ST003,Mumbai,2025-06-30 15:41:00,24.72,164,CHAdeMO,Truck,233.91
ST005,Mumbai,2025-06-10 06:29:00,25.25,120,CHAdeMO,3W,239.39
ST009,Mumbai,2025-06-12 13:11:00,20.04,93,CHAdeMO,3W,228.86
ST002,Bangalore,2025-06-21 07:48:00,6.72,56,CHAdeMO,4W,75.29
ST010,Chennai,2025-06-08 07:34:00,33.39,114,Type 1,2W,377.07
ST008,Delhi,2025-06-20 19:32:00,4.17,37,Type 2,4W,34.7
ST001,Mumbai,2025-06-19 05:36:00,39.77,172,CCS,Truck,327.3
ST003,Mumbai,2025-06-20 23:28:00,2.39,17,CCS,3W,19.44
ST010,Delhi,2025-06-24 11:24:00,16.5,74,Type 1,4W,147.79
ST001,Bangalore,2025-06-04 22:51:00,21.75,85,CCS,Bus,209.27
ST004,Delhi,2025-06-01 16:47:00,9.08,32,CCS,Truck,105.87
ST006,Hyderabad,2025-06-13 14:01:00,15.93,72,Type 2,Bus,186.68
ST010,Chennai,2025-06-12 21:11:00,10.7,59,Type 1,Truck,88.7
ST005,Hyderabad,2025-06-06 07:48:00,42.54,146,CCS,Bus,504.7
ST010,Mumbai,2025-06-12 01:43:00,29.52,101,CHAdeMO,Bus,342.02
ST001,Mumbai,2025-06-06 06:59:00,9.19,81,Type 2,3W,102.93
ST007,Hyderabad,2025-06-24 12:09:00,15.5,152,CCS,3W,141.81
ST007,Hyderabad,2025-06-04 11:02:00,44.66,156,CHAdeMO,4W,420.44
ST010,Hyderabad,2025-06-09 07:38:00,12.59,63,Type 2,3W,137.76
ST005,Bangalore,2025-06-11 10:21:00,17.62,66,CCS,3W,195.86
ST002,Chennai,2025-06-23 10:07:00,17.43,172,Type 1,Bus,165.32
ST006,Mumbai,2025-06-27 03:31:00,16.84,85,CCS,Bus,149.68
ST010,Bangalore,2025-06-03 11:08:00,38.72,149,CHAdeMO,Truck,314.8
ST006,Mumbai,2025-06-08 22:55:00,38.98,132,CHAdeMO,4W,419.3
ST001,Bangalore,2025-06-18 06:26:00,19.58,163,CCS,Truck,224.14
ST003,Delhi,2025-06-12 23:06:00,11.54,75,CCS,4W,100.81
ST007,Bangalore,2025-06-20 01:45:00,19.03,110,CHAdeMO,4W,186.55
ST010,Bangalore,2025-06-27 05:01:00,19.19,73,CCS,3W,196.15
ST007,Bangalore,2025-06-07 15:18:00,10.31,53,Type 1,3W,99.86
ST003,Delhi,2025-06-25 07:15:00,24.42,95,CCS,4W,250.27
ST010,Chennai,2025-06-19 03:09:00,9.52,40,Type 1,3W,107.15
ST008,Chennai,2025-06-21 11:21:00,15.2,100,CCS,Truck,155.5
ST005,Hyderabad,2025-06-01 21:39:00,14.91,120,Type 2,Truck,153.63
ST009,Bangalore,2025-06-13 22:52:00,17.33,105,CHAdeMO,Bus,200.31
ST007,Delhi,2025-06-14 00:57:00,30.1,133,Type 2,3W,317.93
ST006,Mumbai,2025-06-29 17:31:00,36.65,171,Type 1,2W,316.95
ST004,Hyderabad,2025-06-15 10:06:00,21.55,89,CHAdeMO,4W,248.92
ST006,Delhi,2025-06-24 17:00:00,23.76,130,Type 2,2W,201.96
ST004,Hyderabad,2025-06-04 15:27:00,9.07,68,Type 1,2W,74.87
ST008,Delhi,2025-06-03 10:47:00,5.34,21,Type 1,2W,48.33
ST003,Chennai,2025-06-30 19:15:00,18.45,114,Type 2,4W,180.31
ST003,Bangalore,2025-06-24 23:20:00,6.13,58,CCS,4W,70.23
ST008,Delhi,2025-06-13 09:32:00,29.29,155,Type 2,Truck,304.33
ST010,Mumbai,2025-06-24 19:45:00,40.57,178,CCS,4W,402.72
ST004,Chennai,2025-06-21 02:37:00,16.1,93,CCS,3W,148.35
ST001,Delhi,2025-06-07 04:52:00,16.21,103,Type 1,Bus,191.08
ST008,Hyderabad,2025-06-01 09:58:00,32.45,125,Type 2,2W,330.76
ST004,Mumbai,2025-06-26 12:16:00,22.55,126,Type 2,Bus,255.12
ST004,Hyderabad,2025-06-04 14:31:00,27.68,123,CCS,4W,293.24
ST009,Hyderabad,2025-06-19 19:00:00,17.05,63,Type 2,3W,156.15
ST008,Delhi,2025-06-21 14:32:00,20.17,84,CHAdeMO,3W,187.23
ST003,Chennai,2025-06-25 08:19:00,2.74,20,Type 1,4W,24.87
ST008,Chennai,2025-06-11 14:17:00,4.95,38,CHAdeMO,3W,46.37
ST005,Mumbai,2025-06-17 21:39:00,31.84,133,Type 1,4W,264.94
ST003,Chennai,2025-06-13 03:05:00,13.14,115,CHAdeMO,3W,115.22
ST005,Mumbai,2025-06-01 13:46:00,13.57,46,Type 2,Bus,150.42
ST008,Bangalore,2025-06-02 12:36:00,12.49,65,Type 1,Truck,133.19
ST004,Mumbai,2025-06-18 17:01:00,27.0,94,Type 2,2W,296.43
ST009,Delhi,2025-06-06 13:24:00,15.5,79,CCS,3W,146.35
ST001,Bangalore,2025-06-06 03:20:00,16.99,75,CCS,2W,147.29
ST005,Delhi,2025-06-06 10:41:00,29.91,116,Type 1,2W,308.8
ST008,Delhi,2025-06-08 01:17:00,27.96,110,Type 2,3W,279.59
ST010,Hyderabad,2025-06-29 10:48:00,3.36,30,Type 2,Truck,37.52
ST003,Mumbai,2025-06-11 14:08:00,28.45,96,CCS,Bus,311.04
ST001,Mumbai,2025-06-17 07:12:00,7.36,49,Type 1,Bus,79.68
ST009,Hyderabad,2025-06-25 16:48:00,19.31,140,Type 2,Truck,181.33
ST008,Hyderabad,2025-06-28 05:55:00,20.6,156,Type 2,Bus,189.16
ST005,Delhi,2025-06-17 16:59:00,13.12,131,CHAdeMO,3W,151.3
ST010,Hyderabad,2025-06-29 05:25:00,12.47,76,Type 1,Truck,140.61
ST004,Delhi,2025-06-23 15:27:00,20.41,156,CCS,4W,196.74
ST006,Chennai,2025-06-05 09:08:00,34.3,148,Type 1,3W,298.91
ST001,Bangalore,2025-06-05 20:55:00,19.23,139,Type 1,Truck,203.2
ST007,Mumbai,2025-06-24 22:20:00,41.81,174,CCS,2W,395.75
ST010,Chennai,2025-06-01 14:17:00,15.72,68,Type 1,Bus,176.13
ST001,Hyderabad,2025-06-26 09:30:00,31.99,121,Type 1,Truck,289.93
ST001,Chennai,2025-06-14 19:56:00,9.82,34,Type 1,2W,107.04
ST009,Mumbai,2025-06-09 14:56:00,13.14,64,Type 2,Truck,137.99
ST003,Delhi,2025-06-26 09:38:00,30.16,121,CCS,Bus,326.04
ST007,Chennai,2025-06-08 14:12:00,12.81,61,CCS,3W,129.84
ST010,Mumbai,2025-06-17 00:49:00,19.95,95,CCS,4W,192.5
ST007,Hyderabad,2025-06-28 16:32:00,16.16,76,Type 2,Bus,178.78
ST005,Hyderabad,2025-06-21 14:08:00,37.66,129,Type 1,2W,449.35
ST010,Chennai,2025-06-24 13:22:00,14.64,49,CCS,2W,134.71
ST004,Bangalore,2025-06-15 07:57:00,5.09,20,CCS,Truck,51.13
ST010,Delhi,2025-06-08 00:59:00,4.19,39,CCS,3W,35.84
ST006,Delhi,2025-06-12 08:54:00,11.19,74,CCS,2W,115.06
ST010,Bangalore,2025-06-04 12:19:00,25.34,98,Type 2,Bus,286.41
ST010,Chennai,2025-06-28 02:09:00,28.65,179,CHAdeMO,2W,318.6
ST006,Hyderabad,2025-06-20 18:22:00,34.61,121,Type 1,3W,380.39
ST010,Chennai,2025-06-29 20:22:00,31.06,176,CCS,Truck,253.6
ST009,Delhi,2025-06-07 19:22:00,19.65,98,Type 2,3W,161.17
ST007,Mumbai,2025-06-28 02:02:00,32.55,162,Type 2,Bus,298.13
ST007,Bangalore,2025-06-07 00:23:00,11.77,101,Type 1,Truck,112.95
ST002,Mumbai,2025-06-23 20:07:00,32.1,126,Type 2,3W,318.55
ST004,Mumbai,2025-06-18 23:47:00,22.41,161,Type 2,3W,185.7
ST007,Hyderabad,2025-06-27 05:09:00,4.53,37,CHAdeMO,Bus,42.86
ST004,Hyderabad,2025-06-16 16:18:00,38.59,167,CCS,3W,461.17
ST010,Mumbai,2025-06-29 08:40:00,9.78,52,Type 2,3W,105.05
ST003,Chennai,2025-06-06 02:44:00,4.16,28,Type 2,4W,33.51
ST002,Hyderabad,2025-06-21 11:35:00,14.11,135,Type 2,Truck,124.84
ST009,Delhi,2025-06-12 18:31:00,30.47,155,Type 2,2W,289.66
ST009,Chennai,2025-06-12 15:01:00,6.5,58,Type 2,Truck,59.05
ST008,Chennai,2025-06-04 00:44:00,26.46,114,CCS,2W,213.7
ST007,Bangalore,2025-06-18 07:49:00,42.82,145,Type 1,4W,425.57
ST010,Delhi,2025-06-05 00:08:00,8.67,62,CHAdeMO,Truck,101.49
ST001,Chennai,2025-06-12 06:13:00,24.15,150,CHAdeMO,Bus,265.11
ST001,Hyderabad,2025-06-17 00:22:00,23.63,105,Type 2,Truck,215.12
ST001,Hyderabad,2025-06-18 14:53:00,6.35,22,CCS,3W,54.65
ST007,Bangalore,2025-06-04 23:53:00,22.86,112,Type 2,Bus,204.86
ST003,Mumbai,2025-06-15 05:12:00,28.03,169,Type 2,3W,297.4
ST010,Delhi,2025-06-10 04:58:00,8.09,50,Type 2,Bus,96.94
ST003,Delhi,2025-06-08 04:37:00,10.9,96,Type 1,3W,101.05
ST003,Chennai,2025-06-15 12:05:00,35.07,120,CCS,Bus,385.15
ST005,Bangalore,2025-06-09 13:16:00,5.3,42,Type 1,Truck,55.48
ST010,Delhi,2025-06-28 20:51:00,16.23,74,Type 2,2W,153.16
ST008,Bangalore,2025-06-23 20:40:00,32.74,169,CCS,3W,373.51
ST008,Mumbai,2025-06-07 06:12:00,7.76,56,Type 1,Bus,85.81
ST001,Hyderabad,2025-06-19 19:09:00,17.64,71,Type 2,3W,145.79
ST008,Delhi,2025-06-23 07:08:00,26.79,98,Type 2,Bus,257.71
ST001,Delhi,2025-06-18 07:28:00,16.99,95,Type 1,Truck,143.35
ST008,Chennai,2025-06-12 04:23:00,30.51,147,Type 1,Truck,291.36
ST001,Bangalore,2025-06-14 06:02:00,22.81,127,CCS,4W,224.57
ST007,Hyderabad,2025-06-28 21:42:00,6.66,28,Type 2,Bus,75.39
ST008,Chennai,2025-06-23 18:51:00,5.85,43,Type 2,Bus,56.48
ST008,Chennai,2025-06-09 03:22:00,28.57,131,Type 2,Bus,238.87
ST006,Bangalore,2025-06-06 14:56:00,4.67,38,CHAdeMO,4W,38.95
ST007,Delhi,2025-06-28 20:32:00,9.67,55,CHAdeMO,2W,107.08
ST006,Delhi,2025-06-07 19:56:00,15.33,56,Type 2,2W,148.37
ST005,Mumbai,2025-06-14 03:25:00,23.82,175,Type 2,3W,190.9
ST005,Chennai,2025-06-21 20:57:00,38.49,142,Type 1,Truck,443.82
ST004,Bangalore,2025-06-27 19:11:00,25.94,136,CHAdeMO,2W,269.9
ST001,Bangalore,2025-06-25 21:50:00,19.26,86,Type 2,2W,168.32
ST001,Hyderabad,2025-06-02 16:06:00,14.08,52,CCS,4W,164.48
ST001,Chennai,2025-06-19 23:25:00,7.94,60,CCS,Truck,84.51
ST010,Delhi,2025-06-26 14:02:00,17.6,60,CCS,2W,147.36
ST005,Hyderabad,2025-06-17 18:34:00,29.57,112,CHAdeMO,Truck,244.24
ST008,Bangalore,2025-06-06 13:16:00,14.1,85,CHAdeMO,Truck,124.64
ST004,Delhi,2025-06-03 15:33:00,9.0,42,Type 1,Bus,98.07
ST010,Hyderabad,2025-06-20 10:27:00,45.83,170,CCS,Truck,472.08
ST010,Hyderabad,2025-06-06 21:40:00,36.55,172,CHAdeMO,Bus,410.53
ST010,Bangalore,2025-06-14 05:17:00,6.42,64,Type 1,Bus,67.42
ST002,Bangalore,2025-06-29 00:04:00,22.12,121,CCS,4W,226.55
ST004,Chennai,2025-06-30 03:43:00,15.71,66,CCS,2W,145.02
ST009,Delhi,2025-06-15 17:48:00,1.96,16,CCS,4W,18.79
ST010,Delhi,2025-06-02 07:48:00,8.19,59,CCS,Bus,95.53
ST001,Bangalore,2025-06-22 21:55:00,12.17,54,CCS,Bus,135.52
ST007,Chennai,2025-06-24 17:09:00,19.38,91,CCS,Truck,196.58
ST004,Delhi,2025-06-16 02:19:00,11.89,105,Type 2,4W,135.11
ST006,Mumbai,2025-06-29 12:19:00,40.54,151,CHAdeMO,3W,420.84
ST005,Hyderabad,2025-06-02 10:32:00,15.35,84,CHAdeMO,3W,145.62
ST005,Bangalore,2025-06-24 21:32:00,12.42,92,CCS,2W,138.0
ST002,Mumbai,2025-06-24 00:40:00,5.46,21,Type 2,3W,51.11
ST008,Delhi,2025-06-15 02:59:00,12.61,98,Type 1,Truck,135.01
ST003,Bangalore,2025-06-02 15:55:00,23.43,132,Type 1,2W,216.59
ST001,Delhi,2025-06-04 23:06:00,19.34,100,Type 1,2W,194.99
ST005,Chennai,2025-06-27 06:50:00,21.41,94,Type 2,4W,188.46
ST005,Hyderabad,2025-06-25 05:23:00,24.44,96,Type 1,4W,210.12
ST005,Chennai,2025-06-01 16:39:00,36.87,174,Type 1,3W,374.97
ST009,Hyderabad,2025-06-13 08:03:00,14.72,51,CCS,Truck,132.18
ST002,Hyderabad,2025-06-28 21:50:00,21.02,101,Type 1,3W,170.6
ST001,Chennai,2025-06-18 10:59:00,3.28,28,CHAdeMO,3W,35.49
ST010,Mumbai,2025-06-29 01:10:00,17.22,106,Type 2,Truck,143.17
ST008,Delhi,2025-06-06 23:57:00,9.98,38,CHAdeMO,2W,98.03
ST008,Mumbai,2025-06-11 13:04:00,9.27,72,CCS,4W,88.7
ST006,Hyderabad,2025-06-21 15:06:00,14.74,139,CHAdeMO,2W,138.64
ST008,Bangalore,2025-06-13 20:18:00,22.97,104,Type 2,Truck,193.22
ST002,Hyderabad,2025-06-26 07:27:00,8.53,33,CHAdeMO,Bus,88.39
ST004,Delhi,2025-06-12 02:10:00,20.43,155,CHAdeMO,Bus,168.84
ST004,Delhi,2025-06-20 14:55:00,26.89,126,CCS,Truck,289.78
ST003,Chennai,2025-06-27 03:10:00,17.08,139,CHAdeMO,4W,174.56
ST008,Bangalore,2025-06-15 00:27:00,13.44,118,Type 1,Truck,148.99
ST007,Hyderabad,2025-06-23 11:54:00,41.77,180,Type 1,3W,470.67
ST010,Chennai,2025-06-07 16:15:00,10.1,53,CCS,Bus,105.67
ST008,Bangalore,2025-06-10 08:38:00,15.35,96,CCS,Bus,166.87
ST006,Chennai,2025-06-27 12:29:00,3.78,17,CHAdeMO,3W,43.13
ST001,Hyderabad,2025-06-25 23:31:00,2.8,28,CCS,2W,32.05
ST001,Bangalore,2025-06-20 15:32:00,29.69,166,CCS,Bus,285.74
ST007,Delhi,2025-06-10 14:42:00,11.5,59,Type 2,Truck,109.69
ST006,Mumbai,2025-06-08 00:30:00,26.36,88,Type 2,3W,212.1
ST001,Bangalore,2025-06-23 03:36:00,37.17,126,Type 2,2W,317.76
ST007,Mumbai,2025-06-28 12:11:00,27.63,123,CHAdeMO,Truck,267.91
ST008,Mumbai,2025-06-17 04:05:00,9.88,72,Type 1,Truck,98.73
ST004,Delhi,2025-06-13 06:05:00,34.24,120,CCS,2W,407.9
ST010,Mumbai,2025-06-17 18:35:00,9.29,43,Type 1,3W,101.45
ST009,Hyderabad,2025-06-22 03:50:00,17.0,147,Type 1,3W,168.13
ST002,Delhi,2025-06-27 09:06:00,20.93,94,CCS,Truck,232.62
ST008,Mumbai,2025-06-24 07:57:00,29.0,135,CCS,Bus,272.94
ST005,Hyderabad,2025-06-08 14:57:00,5.74,24,CCS,Truck,51.9
ST008,Delhi,2025-06-08 16:40:00,17.76,161,CCS,Truck,144.02
ST008,Chennai,2025-06-06 18:31:00,16.61,144,CCS,4W,141.69
ST005,Hyderabad,2025-06-12 16:39:00,4.47,18,Type 2,Truck,48.97
ST008,Hyderabad,2025-06-08 23:34:00,20.78,81,Type 2,Bus,181.27
ST009,Chennai,2025-06-16 14:28:00,10.56,36,Type 2,Bus,116.28
ST007,Mumbai,2025-06-11 19:54:00,31.14,127,Type 2,3W,321.09
ST006,Chennai,2025-06-30 05:31:00,20.59,82,Type 1,2W,178.52
ST007,Mumbai,2025-06-14 17:10:00,33.9,136,Type 2,Bus,363.88
ST007,Mumbai,2025-06-12 22:51:00,10.72,52,CHAdeMO,2W,98.14
ST008,Mumbai,2025-06-15 08:48:00,35.49,150,Type 1,2W,414.2
ST006,Mumbai,2025-06-28 18:48:00,14.03,84,CCS,2W,126.57
ST010,Mumbai,2025-06-21 23:39:00,18.76,76,Type 2,Truck,175.4
ST003,Hyderabad,2025-06-25 22:08:00,3.99,17,Type 1,2W,38.48
ST009,Chennai,2025-06-21 07:05:00,14.96,104,CCS,4W,131.23
ST001,Delhi,2025-06-05 04:25:00,8.34,29,Type 2,Truck,88.01
ST002,Chennai,2025-06-28 12:28:00,8.41,48,Type 2,2W,90.68
ST005,Hyderabad,2025-06-22 06:02:00,7.74,34,CCS,Bus,83.35
ST006,Hyderabad,2025-06-08 08:54:00,5.13,33,Type 1,Bus,49.01
ST001,Hyderabad,2025-06-13 01:05:00,11.29,60,CHAdeMO,3W,117.88
ST003,Mumbai,2025-06-05 22:26:00,10.61,51,CHAdeMO,3W,110.94
ST002,Mumbai,2025-06-12 18:53:00,4.39,41,Type 1,Truck,47.9
ST008,Chennai,2025-06-23 15:37:00,12.22,53,Type 1,2W,130.25
ST005,Bangalore,2025-06-16 00:15:00,24.72,115,CHAdeMO,Bus,240.88
ST002,Delhi,2025-06-11 06:41:00,2.65,15,CHAdeMO,2W,27.21
ST006,Hyderabad,2025-06-14 18:46:00,12.99,117,Type 1,4W,131.7
ST006,Chennai,2025-06-21 22:02:00,20.43,89,Type 2,Truck,166.65
ST007,Bangalore,2025-06-14 14:26:00,31.84,114,CCS,Bus,265.53
ST008,Bangalore,2025-06-07 08:51:00,3.33,24,Type 2,Bus,31.82
ST009,Hyderabad,2025-06-23 17:47:00,44.24,151,CHAdeMO,2W,360.48
ST001,Hyderabad,2025-06-02 22:45:00,14.59,118,CHAdeMO,Truck,125.41
ST010,Bangalore,2025-06-04 06:40:00,5.93,24,CHAdeMO,2W,58.62
ST010,Chennai,2025-06-12 01:04:00,4.94,48,Type 1,4W,55.74
ST002,Mumbai,2025-06-28 19:37:00,15.49,58,Type 1,2W,130.99
ST010,Delhi,2025-06-11 00:55:00,8.09,31,CHAdeMO,4W,90.98
ST007,Hyderabad,2025-06-06 11:56:00,33.89,162,CCS,3W,374.72
ST010,Bangalore,2025-06-16 06:27:00,3.85,31,Type 2,Bus,33.39
ST006,Delhi,2025-06-08 12:13:00,18.89,127,Type 1,3W,158.67
ST010,Mumbai,2025-06-08 04:18:00,5.24,19,Type 1,2W,42.07
ST002,Delhi,2025-06-13 21:54:00,28.88,121,CHAdeMO,3W,254.86
ST005,Delhi,2025-06-21 11:58:00,17.74,120,Type 2,Truck,191.0
ST010,Bangalore,2025-06-23 18:00:00,49.6,171,CCS,4W,479.89
ST009,Bangalore,2025-06-09 17:36:00,13.38,45,Type 1,Truck,126.41
ST009,Delhi,2025-06-10 23:30:00,33.79,133,Type 2,4W,277.49
ST002,Bangalore,2025-06-22 14:11:00,19.21,142,Type 1,2W,203.23
ST005,Bangalore,2025-06-20 18:46:00,13.18,79,CHAdeMO,2W,110.95
ST001,Delhi,2025-06-09 00:06:00,14.14,55,CHAdeMO,Truck,119.68
ST004,Mumbai,2025-06-27 23:23:00,26.93,163,Type 2,4W,240.22
ST002,Hyderabad,2025-06-11 08:47:00,5.9,40,CHAdeMO,3W,56.06
ST004,Chennai,2025-06-22 10:26:00,32.29,164,CHAdeMO,3W,286.24
ST010,Mumbai,2025-06-09 02:29:00,19.92,114,CHAdeMO,3W,209.72
ST005,Bangalore,2025-06-16 06:52:00,5.0,47,Type 1,4W,42.73
ST008,Mumbai,2025-06-20 00:48:00,14.62,58,Type 2,4W,152.26
ST010,Bangalore,2025-06-27 07:27:00,42.28,156,Type 1,Bus,483.17
ST008,Bangalore,2025-06-27 22:09:00,36.37,136,CCS,2W,397.16
ST004,Bangalore,2025-06-15 21:29:00,27.2,126,Type 2,Truck,315.33
ST007,Chennai,2025-06-02 19:45:00,33.3,135,Type 1,Bus,337.15
ST008,Chennai,2025-06-21 14:11:00,20.88,141,Type 1,Bus,246.38
ST003,Hyderabad,2025-06-14 11:04:00,17.44,76,Type 1,2W,172.99
ST005,Bangalore,2025-06-21 21:39:00,40.16,161,Type 1,Bus,395.78
ST003,Mumbai,2025-06-09 10:00:00,24.56,109,Type 1,2W,234.29
ST006,Delhi,2025-06-02 11:43:00,16.67,90,CCS,Truck,169.53
ST004,Chennai,2025-06-29 05:42:00,24.72,100,Type 1,Truck,291.23
ST006,Chennai,2025-06-06 01:12:00,19.56,113,Type 1,4W,185.15
ST009,Chennai,2025-06-26 12:29:00,8.55,67,CCS,3W,86.86
ST008,Delhi,2025-06-10 13:09:00,11.81,72,CCS,Truck,126.61
ST005,Chennai,2025-06-03 21:12:00,18.59,110,CHAdeMO,Truck,187.88
ST002,Mumbai,2025-06-25 04:58:00,42.26,151,CHAdeMO,Truck,400.31
ST002,Bangalore,2025-06-21 20:07:00,4.29,37,Type 2,4W,50.76
ST002,Chennai,2025-06-08 11:58:00,10.4,85,Type 2,Bus,89.46
ST004,Delhi,2025-06-29 13:09:00,3.17,20,Type 2,Bus,29.76
ST008,Chennai,2025-06-14 06:24:00,7.09,63,Type 2,Truck,75.0
ST007,Delhi,2025-06-16 14:25:00,46.33,180,CHAdeMO,Truck,494.04
ST009,Delhi,2025-06-21 06:20:00,21.23,132,Type 2,4W,184.42
ST005,Bangalore,2025-06-23 00:55:00,32.36,110,Type 1,3W,304.59
ST008,Bangalore,2025-06-29 03:42:00,13.57,56,CCS,3W,161.39
ST003,Bangalore,2025-06-11 19:51:00,4.76,44,CCS,Truck,40.49
ST005,Hyderabad,2025-06-09 09:31:00,14.24,67,Type 1,4W,169.63
ST003,Hyderabad,2025-06-21 09:48:00,45.15,153,CCS,2W,527.43
ST007,Mumbai,2025-06-07 14:47:00,37.69,132,Type 2,2W,447.78
ST009,Delhi,2025-06-16 01:50:00,43.4,180,CHAdeMO,4W,515.52
ST010,Bangalore,2025-06-26 17:23:00,21.47,128,Type 1,Bus,249.07
ST003,Delhi,2025-06-06 07:39:00,9.76,93,Type 2,Bus,92.03
ST006,Chennai,2025-06-28 16:15:00,24.89,179,Type 2,4W,218.61
ST002,Delhi,2025-06-21 06:33:00,10.92,37,CHAdeMO,3W,108.78
ST010,Delhi,2025-06-24 06:45:00,8.17,29,CCS,Bus,70.19
ST007,Hyderabad,2025-06-18 13:44:00,11.27,110,CCS,4W,104.05
ST008,Delhi,2025-06-04 23:40:00,17.19,70,CHAdeMO,Bus,192.78
ST005,Bangalore,2025-06-20 06:56:00,15.48,121,Type 1,3W,136.71
ST008,Delhi,2025-06-16 06:21:00,8.89,31,CHAdeMO,2W,71.36
ST005,Mumbai,2025-06-08 23:01:00,30.21,157,Type 2,3W,264.16
ST007,Hyderabad,2025-06-26 04:58:00,15.18,140,CCS,Truck,139.89
ST009,Mumbai,2025-06-11 05:14:00,5.42,21,Type 2,4W,49.87
ST008,Chennai,2025-06-30 18:08:00,16.14,88,CHAdeMO,3W,130.96
ST005,Mumbai,2025-06-04 00:52:00,41.85,168,CHAdeMO,Truck,407.8
ST005,Mumbai,2025-06-06 10:37:00,22.28,110,Type 1,4W,192.75
ST001,Bangalore,2025-06-15 13:10:00,36.66,133,Type 2,4W,317.23
ST005,Hyderabad,2025-06-20 02:13:00,49.99,177,CCS,2W,457.88
ST009,Chennai,2025-06-24 09:16:00,16.21,64,Type 2,2W,168.5
ST003,Delhi,2025-06-15 16:22:00,25.21,95,CCS,4W,270.8
ST006,Chennai,2025-06-25 07:43:00,27.76,163,Type 2,2W,237.29
ST005,Hyderabad,2025-06-23 01:38:00,20.17,120,Type 2,2W,178.94
ST009,Bangalore,2025-06-09 13:48:00,35.18,158,Type 1,Bus,346.24
ST002,Chennai,2025-06-06 23:20:00,3.72,19,CCS,4W,31.83
ST008,Delhi,2025-06-24 19:23:00,13.71,102,CCS,2W,150.51
ST002,Bangalore,2025-06-06 20:35:00,12.12,51,CCS,3W,107.13
ST002,Mumbai,2025-06-06 02:01:00,3.53,34,CHAdeMO,Bus,28.84
ST002,Chennai,2025-06-24 08:51:00,18.57,166,Type 1,4W,151.77
ST005,Chennai,2025-06-05 09:24:00,13.06,46,Type 2,Truck,151.56
ST003,Hyderabad,2025-06-02 07:57:00,4.91,38,CCS,Truck,46.11
ST003,Delhi,2025-06-28 21:30:00,15.27,76,Type 1,2W,172.22
ST001,Delhi,2025-06-10 21:01:00,18.74,64,Type 2,Truck,150.24
ST002,Bangalore,2025-06-23 22:42:00,23.57,136,Type 2,Bus,252.06
ST002,Bangalore,2025-06-17 03:33:00,20.7,112,Type 2,Bus,174.94
ST006,Chennai,2025-06-22 04:53:00,8.77,43,CHAdeMO,4W,94.88
ST009,Chennai,2025-06-04 17:50:00,19.48,98,CHAdeMO,4W,191.45
ST005,Mumbai,2025-06-11 06:42:00,28.31,156,CHAdeMO,3W,323.5
ST008,Hyderabad,2025-06-09 03:50:00,5.4,18,CHAdeMO,2W,51.76
ST009,Chennai,2025-06-06 10:13:00,9.13,51,Type 1,3W,75.4
ST004,Hyderabad,2025-06-10 02:44:00,44.89,167,CHAdeMO,2W,400.93
ST007,Mumbai,2025-06-13 16:12:00,35.65,163,CHAdeMO,4W,353.05
ST010,Mumbai,2025-06-23 01:14:00,22.59,145,CHAdeMO,2W,191.76
ST008,Mumbai,2025-06-11 12:07:00,50.48,175,Type 1,2W,552.82
ST002,Mumbai,2025-06-02 05:13:00,10.59,60,CCS,3W,97.54
ST010,Chennai,2025-06-04 11:34:00,37.52,148,CHAdeMO,3W,344.22
ST008,Mumbai,2025-06-23 23:22:00,16.89,81,Type 1,2W,202.05
ST002,Mumbai,2025-06-21 11:38:00,25.7,95,CHAdeMO,Bus,209.3
ST003,Delhi,2025-06-14 19:00:00,11.3,57,Type 2,4W,122.75
ST008,Chennai,2025-06-26 21:20:00,32.48,140,CHAdeMO,Bus,332.89
ST003,Delhi,2025-06-03 12:52:00,17.56,115,CHAdeMO,Truck,188.0
ST005,Hyderabad,2025-06-03 19:05:00,4.8,22,Type 2,4W,45.1
ST010,Chennai,2025-06-29 10:50:00,17.96,102,CHAdeMO,4W,214.94
ST007,Hyderabad,2025-06-03 13:39:00,11.51,77,CCS,Truck,95.99
ST002,Hyderabad,2025-06-06 05:01:00,13.53,101,CCS,2W,133.18
ST007,Delhi,2025-06-24 10:15:00,18.71,122,CHAdeMO,Truck,151.34
ST006,Mumbai,2025-06-26 22:58:00,18.75,114,Type 1,Bus,157.5
ST004,Hyderabad,2025-06-23 14:33:00,37.51,143,CCS,3W,392.33
ST006,Mumbai,2025-06-10 04:22:00,32.25,142,Type 1,Truck,285.62
ST005,Chennai,2025-06-14 12:45:00,29.05,161,Type 2,Truck,318.72
ST002,Delhi,2025-06-05 07:28:00,27.78,166,Type 1,Truck,311.27
ST008,Mumbai,2025-06-10 13:05:00,26.69,103,CCS,Truck,299.37
ST007,Delhi,2025-06-15 06:15:00,12.07,66,CCS,Truck,121.44
ST009,Bangalore,2025-06-01 20:19:00,42.12,175,Type 2,Truck,421.07
ST008,Hyderabad,2025-06-30 00:47:00,39.53,151,CHAdeMO,Truck,431.13
ST001,Delhi,2025-06-10 03:09:00,20.79,108,Type 2,3W,228.39
ST005,Mumbai,2025-06-19 16:06:00,26.12,96,Type 1,3W,297.35
ST005,Hyderabad,2025-06-30 09:39:00,8.47,56,Type 2,Bus,75.84
ST003,Bangalore,2025-06-02 06:15:00,19.97,77,CCS,Bus,198.53
ST007,Mumbai,2025-06-30 10:36:00,3.37,24,CCS,3W,27.35
ST005,Delhi,2025-06-09 00:13:00,48.42,179,CHAdeMO,2W,398.08
ST002,Hyderabad,2025-06-28 09:06:00,24.88,91,CHAdeMO,4W,265.88
ST002,Mumbai,2025-06-07 09:31:00,9.18,75,Type 1,Truck,97.83
ST010,Delhi,2025-06-12 11:02:00,39.32,142,Type 2,Truck,333.79
ST006,Hyderabad,2025-06-27 14:14:00,29.77,114,Type 2,Bus,264.12
ST002,Bangalore,2025-06-10 17:51:00,15.97,85,CCS,Truck,131.33
ST009,Hyderabad,2025-06-06 03:23:00,20.08,96,CHAdeMO,3W,238.01
ST003,Hyderabad,2025-06-22 15:04:00,28.81,109,Type 1,Truck,234.49
ST001,Bangalore,2025-06-12 12:19:00,27.6,156,CCS,2W,279.85
ST004,Mumbai,2025-06-18 16:18:00,4.79,17,CHAdeMO,4W,44.09
ST004,Hyderabad,2025-06-10 13:47:00,15.86,56,CCS,Bus,176.95
ST005,Chennai,2025-06-23 09:03:00,33.4,135,CCS,Bus,384.34
ST002,Bangalore,2025-06-12 21:02:00,16.31,144,CHAdeMO,Truck,178.06
ST009,Hyderabad,2025-06-21 15:04:00,5.55,22,Type 2,Bus,61.96
ST003,Chennai,2025-06-19 05:37:00,14.89,66,CCS,Truck,124.02
ST003,Bangalore,2025-06-24 12:00:00,12.93,48,CHAdeMO,4W,126.79
ST003,Hyderabad,2025-06-08 21:29:00,44.05,166,CCS,3W,367.27
ST006,Bangalore,2025-06-18 21:48:00,32.07,111,Type 2,2W,378.18
ST009,Delhi,2025-06-29 12:26:00,20.54,73,CHAdeMO,3W,185.83
ST003,Chennai,2025-06-19 06:02:00,32.14,173,CCS,3W,268.57
ST006,Bangalore,2025-06-26 19:34:00,4.63,45,CHAdeMO,Bus,52.36
ST008,Chennai,2025-06-11 05:11:00,9.25,67,CCS,4W,101.62
ST007,Bangalore,2025-06-20 15:06:00,14.74,67,CCS,3W,142.58
ST007,Bangalore,2025-06-02 07:25:00,26.28,89,Type 2,Truck,257.65
ST004,Hyderabad,2025-06-27 12:41:00,34.49,180,Type 1,Bus,294.3
ST006,Mumbai,2025-06-10 15:47:00,27.31,113,CCS,2W,228.89
ST001,Chennai,2025-06-16 03:34:00,14.56,75,CCS,Truck,171.19
ST010,Chennai,2025-06-01 05:51:00,15.87,79,CHAdeMO,4W,189.01
ST006,Bangalore,2025-06-26 11:11:00,5.4,25,CCS,3W,54.08
ST006,Mumbai,2025-06-07 00:05:00,6.05,37,CHAdeMO,3W,54.7
ST006,Chennai,2025-06-06 19:40:00,38.96,142,CCS,4W,456.02
ST005,Hyderabad,2025-06-28 21:29:00,16.68,82,CHAdeMO,3W,154.49
ST008,Bangalore,2025-06-26 06:56:00,45.96,177,Type 1,3W,395.0
ST004,Bangalore,2025-06-02 15:10:00,20.53,135,CHAdeMO,Bus,173.77
ST008,Chennai,2025-06-21 02:15:00,31.56,106,CHAdeMO,Bus,314.71
ST003,Chennai,2025-06-16 21:51:00,5.35,38,CCS,3W,60.67
ST009,Hyderabad,2025-06-26 15:12:00,23.37,164,Type 1,Truck,258.64
ST003,Mumbai,2025-06-04 11:55:00,19.78,78,Type 1,4W,160.29
ST002,Mumbai,2025-06-18 00:01:00,47.45,166,Type 1,4W,408.79
ST002,Mumbai,2025-06-22 20:07:00,29.56,131,CCS,Truck,314.28
ST006,Chennai,2025-06-30 20:42:00,50.49,174,CCS,Truck,430.04
ST001,Hyderabad,2025-06-15 16:59:00,7.21,29,CHAdeMO,2W,69.18
ST003,Bangalore,2025-06-19 03:43:00,3.85,37,Type 2,3W,36.78
ST007,Hyderabad,2025-06-30 10:52:00,6.7,54,CHAdeMO,Bus,73.32
ST005,Delhi,2025-06-06 23:24:00,24.71,106,CCS,Truck,217.44
ST008,Mumbai,2025-06-22 16:23:00,17.65,83,CHAdeMO,2W,194.61
ST006,Delhi,2025-06-09 11:33:00,28.49,126,Type 1,2W,286.42
ST008,Bangalore,2025-06-30 11:21:00,15.45,54,Type 1,4W,152.54
ST002,Mumbai,2025-06-14 16:06:00,15.73,53,CCS,3W,158.75
ST005,Delhi,2025-06-03 04:07:00,17.99,156,Type 1,Truck,151.67
ST007,Mumbai,2025-06-05 07:12:00,30.88,133,CCS,4W,278.52
ST002,Delhi,2025-06-01 17:46:00,10.92,44,CHAdeMO,3W,121.7
ST007,Chennai,2025-06-04 18:58:00,33.32,121,CCS,4W,344.82
ST008,Mumbai,2025-06-29 09:22:00,13.8,82,Type 2,3W,120.62
ST010,Hyderabad,2025-06-05 20:08:00,26.07,126,Type 1,Bus,220.73
ST003,Mumbai,2025-06-21 22:37:00,32.3,118,CHAdeMO,4W,338.31
ST010,Hyderabad,2025-06-18 23:26:00,10.81,92,Type 2,2W,94.73
ST001,Bangalore,2025-06-02 05:17:00,13.34,68,Type 2,3W,129.97
ST009,Bangalore,2025-06-04 22:02:00,23.36,92,Type 2,Bus,226.3
ST002,Bangalore,2025-06-07 22:29:00,37.47,128,CHAdeMO,2W,428.63
ST010,Bangalore,2025-06-10 03:54:00,19.25,90,CHAdeMO,2W,179.71
ST002,Mumbai,2025-06-19 22:02:00,34.89,141,CCS,2W,347.16
ST008,Delhi,2025-06-27 21:34:00,49.09,171,CHAdeMO,3W,532.98
ST009,Chennai,2025-06-20 04:56:00,26.43,162,Type 1,4W,305.83
ST007,Mumbai,2025-06-06 07:43:00,31.66,141,CCS,Bus,341.61
ST001,Bangalore,2025-06-14 02:35:00,12.41,64,CHAdeMO,3W,124.48
ST010,Hyderabad,2025-06-28 09:39:00,16.92,134,CCS,Bus,200.32
ST006,Mumbai,2025-06-08 08:58:00,24.61,174,Type 1,Bus,209.59
ST004,Bangalore,2025-06-28 13:38:00,16.83,140,CHAdeMO,Bus,155.08
ST004,Delhi,2025-06-03 03:23:00,3.26,19,CCS,4W,34.91
ST003,Delhi,2025-06-02 10:55:00,5.19,31,Type 1,Truck,46.23
ST009,Bangalore,2025-06-23 03:14:00,24.2,81,CCS,2W,268.15
ST009,Hyderabad,2025-06-07 21:07:00,32.25,146,Type 1,2W,377.54
ST008,Mumbai,2025-06-06 01:09:00,10.77,42,Type 1,Truck,87.97
ST002,Bangalore,2025-06-29 16:02:00,12.34,45,CCS,3W,134.67
ST008,Delhi,2025-06-23 16:22:00,5.23,40,CCS,4W,58.98
ST002,Bangalore,2025-06-20 23:37:00,30.72,121,Type 1,3W,348.34
ST008,Hyderabad,2025-06-14 01:12:00,19.33,144,CCS,4W,209.94
ST007,Hyderabad,2025-06-29 15:31:00,10.03,77,CHAdeMO,3W,85.78
ST007,Mumbai,2025-06-19 15:04:00,38.33,132,CCS,2W,374.5
ST001,Delhi,2025-06-04 04:00:00,6.04,36,CHAdeMO,3W,58.81
ST007,Chennai,2025-06-30 04:39:00,14.87,53,Type 1,Truck,176.81
ST007,Mumbai,2025-06-26 04:41:00,22.48,92,CCS,4W,180.55
ST005,Delhi,2025-06-28 18:43:00,12.48,52,CHAdeMO,3W,144.15
ST010,Delhi,2025-06-30 16:11:00,30.66,128,CHAdeMO,3W,353.32
ST002,Chennai,2025-06-25 11:01:00,17.8,100,Type 2,Truck,213.02
ST005,Bangalore,2025-06-05 05:23:00,30.5,145,CCS,3W,246.86
ST009,Delhi,2025-06-12 18:33:00,20.25,76,CCS,Bus,241.94
ST002,Chennai,2025-06-17 23:23:00,18.26,81,CCS,2W,149.57
ST002,Mumbai,2025-06-14 13:27:00,39.83,161,CHAdeMO,4W,475.24
ST010,Delhi,2025-06-29 13:39:00,40.6,151,Type 2,4W,373.39
ST010,Bangalore,2025-06-18 04:30:00,36.63,148,Type 1,4W,368.71
ST004,Hyderabad,2025-06-21 16:13:00,5.17,40,CHAdeMO,Bus,43.05
ST001,Mumbai,2025-06-06 22:03:00,19.44,136,Type 1,4W,208.15
ST007,Delhi,2025-06-26 10:32:00,37.6,147,CCS,Truck,375.82
ST007,Mumbai,2025-06-23 06:42:00,32.04,121,Type 2,Truck,272.61
ST008,Bangalore,2025-06-24 08:32:00,18.54,150,Type 2,Bus,183.42
ST003,Delhi,2025-06-17 19:24:00,9.91,45,CHAdeMO,2W,84.07
ST010,Hyderabad,2025-06-02 19:59:00,19.34,148,CCS,4W,231.39
ST005,Hyderabad,2025-06-23 02:45:00,5.68,22,Type 2,Truck,55.02
ST005,Hyderabad,2025-06-10 19:28:00,16.09,61,CHAdeMO,2W,136.59
ST006,Chennai,2025-06-03 00:48:00,23.74,121,CCS,Truck,232.88
ST006,Mumbai,2025-06-22 15:04:00,21.52,170,Type 2,Truck,226.95
ST008,Mumbai,2025-06-07 18:43:00,11.55,98,CHAdeMO,Bus,103.16
ST007,Hyderabad,2025-06-25 14:54:00,7.58,26,CHAdeMO,4W,80.22
ST003,Chennai,2025-06-27 00:46:00,45.62,176,CCS,Truck,482.69
ST009,Chennai,2025-06-09 18:10:00,36.05,173,Type 1,Truck,363.64
ST008,Delhi,2025-06-01 20:23:00,10.42,45,Type 2,2W,94.82
ST004,Bangalore,2025-06-27 09:01:00,14.97,128,CCS,Bus,155.02
ST008,Chennai,2025-06-16 11:19:00,17.15,126,Type 1,Truck,158.97
ST005,Chennai,2025-06-06 05:13:00,8.33,40,CCS,3W,72.73
ST002,Bangalore,2025-06-14 23:06:00,28.05,119,Type 1,Truck,332.24
ST003,Chennai,2025-06-03 15:53:00,16.2,91,CCS,3W,156.35
ST006,Hyderabad,2025-06-18 02:09:00,4.97,45,Type 2,Truck,51.41
ST008,Delhi,2025-06-23 22:57:00,32.76,113,CCS,2W,303.79
ST009,Mumbai,2025-06-03 23:29:00,14.6,138,Type 2,2W,132.52
ST010,Chennai,2025-06-12 05:02:00,36.16,157,Type 2,4W,371.47
ST008,Chennai,2025-06-29 22:27:00,20.12,143,Type 2,4W,204.45
ST003,Bangalore,2025-06-25 11:07:00,35.95,123,CHAdeMO,2W,287.74
ST008,Delhi,2025-06-14 03:56:00,5.71,57,CHAdeMO,4W,59.34
ST007,Hyderabad,2025-06-29 18:32:00,14.98,69,CCS,2W,129.51
ST009,Delhi,2025-06-04 04:23:00,10.73,91,Type 1,3W,116.96
ST005,Mumbai,2025-06-10 14:18:00,34.36,171,CCS,4W,362.18
ST008,Hyderabad,2025-06-12 04:37:00,16.33,97,CHAdeMO,Truck,152.09
ST003,Chennai,2025-06-28 16:57:00,13.72,136,Type 1,3W,132.43
ST008,Mumbai,2025-06-25 11:46:00,9.01,35,Type 1,Truck,73.2
ST008,Chennai,2025-06-17 01:33:00,29.47,111,CCS,Bus,256.65
ST001,Chennai,2025-06-22 01:23:00,31.31,109,CHAdeMO,2W,278.22
ST001,Hyderabad,2025-06-17 06:50:00,7.55,64,CCS,3W,67.47
ST008,Hyderabad,2025-06-02 16:11:00,17.08,86,Type 2,2W,150.04
ST007,Chennai,2025-06-13 14:56:00,32.01,160,Type 2,Truck,280.89
ST010,Delhi,2025-06-26 17:17:00,6.67,59,Type 2,2W,56.76
ST010,Bangalore,2025-06-24 19:20:00,11.76,85,Type 1,Truck,122.98
ST009,Mumbai,2025-06-01 02:08:00,28.3,124,Type 1,4W,275.36
ST007,Hyderabad,2025-06-06 12:56:00,28.42,147,CCS,Truck,313.65
ST004,Chennai,2025-06-13 15:34:00,25.19,122,CCS,2W,241.0
ST006,Chennai,2025-06-27 00:34:00,6.26,21,Type 2,Bus,74.06
ST004,Bangalore,2025-06-08 11:39:00,16.05,99,Type 1,2W,159.21
ST001,Delhi,2025-06-29 12:05:00,26.81,100,Type 2,2W,265.27
ST006,Chennai,2025-06-16 04:22:00,38.31,148,Type 1,Truck,401.42
ST002,Mumbai,2025-06-27 08:21:00,5.39,46,Type 1,2W,51.26
ST002,Bangalore,2025-06-03 19:43:00,14.2,128,CHAdeMO,2W,119.38
ST001,Delhi,2025-06-03 09:01:00,24.3,90,CHAdeMO,2W,254.4
ST007,Bangalore,2025-06-28 06:53:00,17.77,174,CHAdeMO,Bus,198.68
ST010,Delhi,2025-06-05 14:37:00,23.25,101,Type 1,Bus,234.1
ST010,Bangalore,2025-06-05 21:58:00,4.2,41,Type 1,Truck,46.86
ST004,Delhi,2025-06-06 17:36:00,35.92,178,CCS,Bus,356.53
ST010,Mumbai,2025-06-09 11:04:00,9.82,77,Type 1,2W,83.58
ST010,Mumbai,2025-06-24 08:28:00,17.2,106,Type 2,3W,169.9
ST010,Hyderabad,2025-06-14 05:55:00,32.05,109,Type 2,2W,286.83
ST009,Chennai,2025-06-20 05:00:00,14.33,103,Type 2,3W,159.65
ST006,Bangalore,2025-06-22 15:37:00,29.47,134,CCS,Truck,302.49
ST006,Delhi,2025-06-14 15:16:00,20.22,122,Type 1,Bus,232.62
ST001,Mumbai,2025-06-10 23:38:00,3.42,15,Type 2,Bus,35.9
ST004,Mumbai,2025-06-16 02:06:00,15.66,111,Type 2,2W,148.01
ST002,Hyderabad,2025-06-02 08:47:00,19.32,157,CCS,Bus,169.58
ST010,Hyderabad,2025-06-02 23:57:00,3.08,22,CCS,3W,27.34
ST005,Bangalore,2025-06-16 11:10:00,23.27,156,Type 2,2W,202.55
ST005,Chennai,2025-06-01 22:55:00,8.79,50,Type 1,4W,103.23
ST005,Mumbai,2025-06-11 22:18:00,28.55,109,Type 2,Truck,339.99
ST010,Mumbai,2025-06-03 23:24:00,5.8,45,Type 2,3W,50.85
ST007,Hyderabad,2025-06-15 11:17:00,31.23,168,Type 2,2W,345.16
ST010,Bangalore,2025-06-25 08:52:00,23.21,90,CCS,3W,190.62
ST005,Bangalore,2025-06-24 03:09:00,45.46,164,Type 2,2W,506.36
ST010,Chennai,2025-06-08 14:52:00,25.76,145,CCS,Bus,259.55
ST003,Hyderabad,2025-06-18 00:22:00,35.6,149,CHAdeMO,Bus,323.01
ST007,Delhi,2025-06-30 13:41:00,3.39,24,Type 2,Bus,38.82
ST007,Bangalore,2025-06-14 22:13:00,34.16,123,Type 2,4W,308.06
ST002,Bangalore,2025-06-04 19:46:00,17.0,90,CCS,3W,175.71
ST008,Delhi,2025-06-29 06:26:00,18.71,101,CHAdeMO,Bus,180.29
ST008,Hyderabad,2025-06-13 10:12:00,11.75,112,CHAdeMO,3W,106.48
ST002,Hyderabad,2025-06-04 18:01:00,24.17,90,Type 1,4W,282.94
ST002,Chennai,2025-06-04 05:55:00,11.52,107,Type 2,4W,101.22
ST006,Hyderabad,2025-06-14 18:38:00,11.74,85,Type 2,Truck,136.77
ST001,Hyderabad,2025-06-13 19:51:00,26.43,103,CHAdeMO,Bus,298.33
ST001,Mumbai,2025-06-30 18:26:00,43.49,146,Type 2,Bus,387.51
ST004,Mumbai,2025-06-11 15:17:00,31.96,147,CHAdeMO,Bus,299.23
ST002,Hyderabad,2025-06-09 13:10:00,31.5,124,CHAdeMO,3W,307.27
ST009,Chennai,2025-06-18 01:16:00,10.78,50,Type 2,4W,126.92
ST001,Mumbai,2025-06-30 23:38:00,17.64,105,CHAdeMO,Bus,189.51
ST007,Delhi,2025-06-14 15:17:00,21.3,98,Type 1,3W,183.49
ST006,Delhi,2025-06-29 15:57:00,47.78,169,CHAdeMO,Bus,421.27
ST007,Chennai,2025-06-25 07:48:00,15.56,113,Type 1,4W,159.93
ST008,Hyderabad,2025-06-05 05:50:00,7.01,58,Type 2,2W,79.25
ST010,Mumbai,2025-06-02 05:18:00,8.67,62,CHAdeMO,4W,76.5
ST005,Delhi,2025-06-04 04:26:00,14.61,131,Type 1,3W,135.98
ST007,Mumbai,2025-06-08 03:31:00,5.41,43,CHAdeMO,Bus,59.36
ST007,Bangalore,2025-06-06 21:55:00,10.85,67,CHAdeMO,3W,113.0
ST005,Delhi,2025-06-10 05:42:00,34.8,143,CHAdeMO,4W,306.48
ST003,Mumbai,2025-06-03 21:52:00,25.85,117,Type 2,Truck,240.81
ST010,Mumbai,2025-06-21 22:39:00,28.63,133,Type 1,4W,303.05
ST008,Hyderabad,2025-06-14 12:53:00,25.6,115,Type 2,Bus,230.31
ST010,Mumbai,2025-06-21 20:04:00,31.88,113,Type 2,Truck,267.22
ST001,Bangalore,2025-06-08 04:30:00,23.5,85,CCS,2W,253.62
ST004,Mumbai,2025-06-19 17:13:00,19.38,156,CCS,2W,213.6
ST009,Hyderabad,2025-06-19 15:56:00,17.29,130,Type 2,Truck,141.41
ST001,Chennai,2025-06-30 01:48:00,23.44,133,CHAdeMO,3W,224.71
ST001,Hyderabad,2025-06-06 05:15:00,8.11,49,CHAdeMO,Bus,79.85
ST002,Delhi,2025-06-30 21:38:00,18.69,77,CHAdeMO,3W,184.72
ST005,Bangalore,2025-06-08 18:19:00,4.21,19,Type 2,4W,35.77
ST007,Bangalore,2025-06-04 12:44:00,4.0,17,Type 2,Bus,37.73
ST004,Chennai,2025-06-25 05:24:00,13.19,70,Type 1,Truck,139.34
ST002,Mumbai,2025-06-15 00:46:00,14.14,128,Type 1,2W,156.81
ST004,Bangalore,2025-06-18 01:12:00,10.64,76,Type 1,Bus,86.31
ST001,Hyderabad,2025-06-09 17:52:00,4.47,31,Type 1,3W,48.71
ST001,Mumbai,2025-06-24 07:47:00,11.05,42,CCS,Truck,116.1
ST010,Bangalore,2025-06-25 15:41:00,33.38,116,Type 1,3W,295.58
ST006,Hyderabad,2025-06-08 21:38:00,3.25,18,CCS,2W,31.06
ST008,Bangalore,2025-06-04 00:06:00,19.78,86,CCS,2W,163.57
ST004,Mumbai,2025-06-14 17:21:00,33.59,168,Type 1,Truck,375.03
ST010,Bangalore,2025-06-12 11:11:00,8.58,39,CHAdeMO,3W,80.04
ST006,Mumbai,2025-06-04 01:44:00,10.35,100,CHAdeMO,Bus,103.96
ST004,Delhi,2025-06-27 17:40:00,2.64,18,Type 1,4W,23.62
ST007,Bangalore,2025-06-29 04:56:00,3.92,35,CCS,Bus,36.01
ST003,Mumbai,2025-06-10 07:14:00,19.26,179,CHAdeMO,4W,164.42
ST006,Chennai,2025-06-24 16:55:00,27.78,121,CCS,2W,247.69
ST006,Hyderabad,2025-06-12 00:36:00,13.93,67,Type 2,3W,145.32
ST007,Delhi,2025-06-15 15:18:00,11.5,61,Type 1,2W,132.01
ST002,Bangalore,2025-06-03 08:54:00,52.82,177,Type 2,3W,441.95
ST010,Delhi,2025-06-10 07:13:00,15.11,75,CHAdeMO,Bus,139.7
ST004,Bangalore,2025-06-20 07:08:00,13.27,60,CCS,4W,136.76
ST004,Hyderabad,2025-06-22 21:34:00,10.16,35,CCS,Bus,96.63
ST008,Mumbai,2025-06-20 05:41:00,31.95,144,CHAdeMO,3W,360.35
ST008,Chennai,2025-06-18 08:36:00,33.58,124,CCS,Truck,340.8
ST009,Bangalore,2025-06-12 17:01:00,21.59,112,CHAdeMO,4W,205.12
ST010,Mumbai,2025-06-04 06:34:00,12.73,100,CHAdeMO,3W,109.72
ST004,Chennai,2025-06-01 14:01:00,35.19,143,CCS,Bus,338.47
ST007,Mumbai,2025-06-17 23:34:00,22.36,113,Type 1,Bus,258.03
ST002,Mumbai,2025-06-26 17:47:00,7.78,56,CHAdeMO,4W,86.24
ST006,Delhi,2025-06-23 05:42:00,42.07,177,Type 1,Bus,492.47
ST004,Bangalore,2025-06-22 17:48:00,6.54,23,CCS,2W,70.57
ST003,Hyderabad,2025-06-28 13:17:00,37.84,131,Type 2,4W,340.17
ST010,Bangalore,2025-06-01 13:28:00,11.18,44,CHAdeMO,Bus,121.02
ST002,Delhi,2025-06-09 14:14:00,16.38,123,CHAdeMO,4W,176.37
ST009,Delhi,2025-06-30 23:14:00,24.33,112,CHAdeMO,2W,205.27
ST010,Hyderabad,2025-06-07 11:52:00,20.73,83,CHAdeMO,4W,166.37
ST003,Mumbai,2025-06-01 01:43:00,4.44,39,CHAdeMO,Truck,42.92
ST005,Mumbai,2025-06-08 18:22:00,10.5,60,Type 2,3W,104.43
ST009,Chennai,2025-06-21 12:14:00,42.06,160,Type 2,3W,346.4
ST003,Bangalore,2025-06-12 19:16:00,22.39,119,Type 1,3W,186.27
ST002,Mumbai,2025-06-06 16:11:00,9.59,85,Type 1,Truck,85.73
ST008,Chennai,2025-06-01 10:23:00,4.6,30,Type 1,Truck,51.32
ST001,Chennai,2025-06-10 14:32:00,38.24,148,CHAdeMO,Truck,385.47
ST005,Mumbai,2025-06-22 12:53:00,22.31,101,CCS,4W,239.33
ST006,Hyderabad,2025-06-11 21:42:00,24.93,107,CHAdeMO,Truck,205.15
ST006,Hyderabad,2025-06-05 13:25:00,2.87,15,CHAdeMO,3W,23.25
ST002,Delhi,2025-06-13 17:15:00,13.55,78,CHAdeMO,Truck,130.79
ST004,Chennai,2025-06-30 00:56:00,10.02,97,CCS,2W,119.02
ST006,Mumbai,2025-06-11 15:06:00,33.47,170,Type 1,4W,325.05
ST008,Chennai,2025-06-18 12:22:00,19.93,90,Type 2,Truck,229.29
ST009,Chennai,2025-06-06 19:39:00,36.83,142,CCS,Truck,440.08
ST008,Bangalore,2025-06-21 07:27:00,8.64,44,Type 2,3W,76.43
ST002,Chennai,2025-06-20 19:01:00,2.91,22,CCS,Bus,32.2
ST004,Hyderabad,2025-06-22 16:14:00,10.72,46,CHAdeMO,2W,119.87
ST006,Bangalore,2025-06-27 05:06:00,18.97,168,CCS,Bus,220.82
ST007,Delhi,2025-06-20 21:16:00,10.71,74,Type 1,4W,89.44
ST002,Hyderabad,2025-06-27 22:50:00,15.68,63,Type 1,Truck,148.5
ST006,Mumbai,2025-06-27 06:08:00,2.43,15,Type 2,Bus,28.96
ST006,Hyderabad,2025-06-06 17:57:00,34.45,148,Type 2,2W,330.07
ST009,Mumbai,2025-06-15 09:04:00,13.69,52,CCS,3W,136.89
ST008,Bangalore,2025-06-28 08:57:00,11.24,87,Type 1,Truck,104.31
ST009,Chennai,2025-06-13 10:40:00,31.5,161,Type 2,Bus,288.73
ST007,Chennai,2025-06-16 03:52:00,14.34,54,Type 2,3W,154.9
ST001,Bangalore,2025-06-23 04:29:00,18.38,115,Type 2,2W,187.32
ST006,Mumbai,2025-06-22 13:06:00,26.16,104,CHAdeMO,2W,264.51
ST005,Hyderabad,2025-06-09 21:05:00,27.71,155,Type 2,4W,305.06
ST010,Chennai,2025-06-14 20:07:00,30.48,132,Type 2,Bus,328.69
ST005,Bangalore,2025-06-10 13:07:00,18.26,70,Type 2,2W,172.54
ST010,Chennai,2025-06-07 17:13:00,32.2,111,CHAdeMO,3W,376.87
ST002,Hyderabad,2025-06-22 13:35:00,17.34,60,Type 1,Truck,183.81
ST010,Mumbai,2025-06-07 18:16:00,42.79,175,Type 2,2W,362.65
ST007,Mumbai,2025-06-14 18:37:00,48.58,167,CHAdeMO,2W,539.77
ST007,Hyderabad,2025-06-29 18:40:00,22.2,128,Type 1,2W,184.94
ST008,Delhi,2025-06-11 05:41:00,4.35,20,CHAdeMO,4W,46.87
ST002,Delhi,2025-06-09 05:48:00,22.24,113,CHAdeMO,4W,228.75
ST002,Hyderabad,2025-06-03 21:21:00,20.82,152,Type 1,Bus,212.87
ST009,Delhi,2025-06-23 05:38:00,6.32,31,Type 1,3W,74.97
ST002,Bangalore,2025-06-28 06:22:00,6.16,61,CHAdeMO,4W,52.31
ST003,Delhi,2025-06-10 09:15:00,6.58,56,CCS,2W,54.87
ST002,Delhi,2025-06-14 14:07:00,31.67,108,Type 2,Bus,377.14
ST001,Bangalore,2025-06-14 16:20:00,7.52,26,CCS,Truck,73.54
ST010,Mumbai,2025-06-15 05:48:00,41.76,148,CCS,Truck,423.98
ST004,Chennai,2025-06-03 00:51:00,8.05,75,Type 2,4W,91.97
ST004,Bangalore,2025-06-28 09:42:00,22.34,156,CCS,4W,190.2
ST010,Mumbai,2025-06-04 09:13:00,23.4,155,CHAdeMO,3W,224.65
ST002,Hyderabad,2025-06-20 08:35:00,10.57,51,Type 1,4W,126.64
ST004,Hyderabad,2025-06-26 15:38:00,47.54,180,Type 2,Bus,536.55
ST006,Mumbai,2025-06-18 05:54:00,6.15,21,Type 2,2W,55.85
ST009,Chennai,2025-06-25 22:57:00,13.47,119,Type 1,4W,156.75
ST005,Bangalore,2025-06-11 06:35:00,8.67,85,CHAdeMO,3W,82.49
ST002,Chennai,2025-06-08 23:56:00,36.6,149,CCS,Truck,413.04
ST008,Chennai,2025-06-25 01:45:00,24.97,104,CCS,Truck,226.83
ST002,Chennai,2025-06-08 18:30:00,27.77,96,CHAdeMO,3W,260.5
ST009,Delhi,2025-06-28 01:28:00,23.05,118,Type 2,4W,185.28
ST009,Bangalore,2025-06-30 22:14:00,6.04,47,CCS,2W,70.51
ST006,Bangalore,2025-06-28 16:51:00,29.45,122,Type 2,Bus,351.78
ST008,Delhi,2025-06-14 01:17:00,24.69,85,Type 2,4W,260.3
ST002,Hyderabad,2025-06-19 12:01:00,25.56,95,Type 1,2W,279.11
ST002,Bangalore,2025-06-27 04:23:00,3.39,29,CCS,Truck,39.73
ST001,Mumbai,2025-06-24 03:37:00,9.6,49,Type 1,Bus,77.33
ST004,Chennai,2025-06-20 08:11:00,37.74,151,Type 2,Truck,405.19
ST001,Delhi,2025-06-21 10:02:00,13.62,58,Type 2,3W,113.05
ST003,Delhi,2025-06-17 01:53:00,5.17,28,CHAdeMO,3W,49.08
ST002,Hyderabad,2025-06-12 08:48:00,41.33,153,Type 1,4W,380.1
ST005,Hyderabad,2025-06-10 16:43:00,3.71,15,CHAdeMO,3W,43.38
ST009,Chennai,2025-06-22 01:46:00,46.65,173,Type 1,4W,374.3
ST008,Hyderabad,2025-06-14 13:52:00,12.75,105,CCS,3W,122.51
ST001,Chennai,2025-06-20 14:33:00,19.53,140,Type 2,Bus,165.91
ST008,Chennai,2025-06-08 01:59:00,11.47,79,CHAdeMO,4W,105.49
ST007,Bangalore,2025-06-25 09:55:00,10.1,83,CHAdeMO,Bus,87.34
ST006,Mumbai,2025-06-01 06:20:00,29.33,106,Type 2,2W,256.88
ST001,Bangalore,2025-06-18 22:56:00,30.35,122,Type 1,3W,323.68
ST008,Hyderabad,2025-06-06 09:45:00,24.13,122,CHAdeMO,3W,224.4
ST007,Delhi,2025-06-18 16:43:00,5.85,48,Type 1,2W,49.75
ST006,Delhi,2025-06-01 14:54:00,8.28,75,CCS,Bus,98.58
ST001,Mumbai,2025-06-22 20:29:00,13.92,89,Type 1,Bus,125.15
ST003,Delhi,2025-06-09 12:06:00,12.19,78,Type 1,4W,146.0
ST004,Mumbai,2025-06-10 00:43:00,32.82,136,Type 1,Truck,342.79
ST004,Delhi,2025-06-29 14:56:00,22.96,177,Type 1,3W,220.53
ST005,Bangalore,2025-06-07 15:41:00,12.84,124,Type 2,2W,147.11
ST007,Mumbai,2025-06-24 21:24:00,22.32,93,Type 2,3W,208.57
ST008,Chennai,2025-06-24 04:54:00,28.37,124,CCS,2W,257.51
ST005,Hyderabad,2025-06-20 00:38:00,12.79,78,Type 1,3W,104.41
ST001,Hyderabad,2025-06-10 15:32:00,17.11,88,Type 1,Bus,149.53
ST008,Hyderabad,2025-06-16 05:07:00,11.25,92,Type 1,Truck,124.67
ST003,Hyderabad,2025-06-17 09:50:00,26.6,107,CCS,3W,281.99
ST004,Delhi,2025-06-18 11:29:00,10.27,37,Type 2,Truck,87.1
ST010,Bangalore,2025-06-09 18:43:00,36.78,129,Type 1,Truck,385.31
ST005,Mumbai,2025-06-10 04:38:00,36.87,151,Type 1,3W,323.23
ST009,Hyderabad,2025-06-26 12:02:00,28.74,103,CHAdeMO,2W,334.63
ST002,Mumbai,2025-06-20 01:39:00,42.65,149,Type 1,3W,443.42
ST003,Hyderabad,2025-06-03 01:38:00,17.83,159,Type 2,Bus,177.95
ST009,Delhi,2025-06-04 09:54:00,10.69,57,CHAdeMO,Truck,118.85
ST007,Delhi,2025-06-13 08:32:00,9.17,67,Type 2,Truck,81.35
ST001,Delhi,2025-06-21 17:27:00,34.54,143,CCS,4W,394.1
ST005,Hyderabad,2025-06-26 03:05:00,6.04,45,Type 1,Truck,54.08
ST001,Bangalore,2025-06-13 15:23:00,7.55,49,Type 1,3W,90.28
ST004,Delhi,2025-06-06 06:54:00,3.45,15,CCS,4W,28.75
ST009,Hyderabad,2025-06-07 01:56:00,33.28,119,CCS,4W,397.4
ST001,Hyderabad,2025-06-10 23:30:00,11.64,86,Type 1,Truck,123.72
ST010,Chennai,2025-06-18 09:13:00,21.92,80,Type 2,Bus,194.71
ST005,Bangalore,2025-06-27 11:19:00,46.03,176,CHAdeMO,3W,450.37
ST007,Hyderabad,2025-06-07 18:01:00,16.27,137,Type 2,Bus,142.2
ST003,Bangalore,2025-06-26 22:13:00,40.41,140,Type 2,4W,326.68
ST003,Bangalore,2025-06-18 22:34:00,23.39,170,Type 2,2W,227.01
ST008,Mumbai,2025-06-05 13:28:00,18.99,149,Type 1,Truck,159.5
ST007,Chennai,2025-06-06 00:11:00,4.55,18,Type 1,3W,40.92
ST002,Hyderabad,2025-06-07 11:47:00,38.49,175,Type 1,2W,391.42
ST006,Chennai,2025-06-10 04:59:00,9.8,50,CHAdeMO,3W,90.45
ST008,Bangalore,2025-06-12 02:18:00,6.05,29,CCS,Truck,51.38
ST001,Chennai,2025-06-25 18:53:00,10.85,90,CHAdeMO,3W,86.85
ST004,Chennai,2025-06-11 07:35:00,21.96,124,CCS,4W,195.52
ST007,Chennai,2025-06-23 09:11:00,17.29,58,Type 2,2W,204.47
ST005,Hyderabad,2025-06-04 11:19:00,28.68,172,CCS,2W,332.18
ST010,Bangalore,2025-06-09 02:29:00,25.56,124,Type 2,Bus,219.84
ST005,Delhi,2025-06-14 01:29:00,28.61,104,CCS,Bus,304.61
ST005,Chennai,2025-06-01 02:22:00,13.54,53,Type 2,4W,116.32
ST008,Mumbai,2025-06-04 01:31:00,9.27,43,CCS,3W,77.51
ST003,Bangalore,2025-06-18 12:32:00,17.21,105,CHAdeMO,Bus,185.42
ST007,Delhi,2025-06-29 23:20:00,12.76,100,Type 2,Bus,123.45
ST008,Delhi,2025-06-25 07:01:00,29.12,141,Type 2,Bus,242.7
ST007,Delhi,2025-06-27 07:11:00,17.08,71,Type 2,4W,136.84
ST001,Hyderabad,2025-06-26 09:53:00,39.65,136,Type 1,2W,461.74
ST006,Bangalore,2025-06-14 09:53:00,17.01,132,CHAdeMO,3W,150.42
ST004,Chennai,2025-06-07 06:30:00,13.16,45,Type 2,Bus,143.87
ST007,Hyderabad,2025-06-03 11:04:00,9.77,42,Type 1,Bus,110.89
ST003,Chennai,2025-06-07 16:26:00,13.85,108,Type 2,2W,111.49
ST007,Bangalore,2025-06-09 07:15:00,33.58,135,CCS,Bus,323.92
ST006,Mumbai,2025-06-30 08:20:00,2.83,18,Type 2,2W,32.61
ST001,Delhi,2025-06-08 21:35:00,18.89,143,CHAdeMO,Bus,202.49
ST008,Delhi,2025-06-12 17:51:00,32.26,161,Type 2,Bus,378.27
ST005,Chennai,2025-06-24 17:37:00,32.81,111,Type 2,3W,315.03
ST001,Bangalore,2025-06-18 20:29:00,16.4,62,Type 1,Bus,162.52
ST007,Mumbai,2025-06-08 12:01:00,7.3,28,CHAdeMO,3W,66.28
ST002,Chennai,2025-06-17 12:10:00,43.22,169,CCS,2W,387.17
ST003,Delhi,2025-06-05 20:17:00,4.41,31,Type 1,4W,38.59
ST004,Chennai,2025-06-11 22:30:00,9.71,83,Type 1,Truck,116.0
ST008,Chennai,2025-06-03 04:28:00,11.27,95,CCS,2W,134.36
ST005,Mumbai,2025-06-23 18:22:00,10.43,64,CHAdeMO,4W,124.07
ST002,Hyderabad,2025-06-19 12:51:00,17.19,143,Type 2,2W,177.89
ST007,Mumbai,2025-06-27 16:27:00,3.79,24,Type 2,Bus,31.51
ST002,Bangalore,2025-06-10 19:32:00,12.94,51,Type 2,Truck,130.24
ST010,Delhi,2025-06-16 12:54:00,33.16,129,CCS,4W,313.07
ST007,Chennai,2025-06-18 15:23:00,10.77,76,Type 1,3W,110.58
ST008,Chennai,2025-06-01 16:19:00,12.92,51,CCS,Truck,148.19
ST002,Mumbai,2025-06-05 06:47:00,21.32,131,CCS,3W,176.37
ST010,Hyderabad,2025-06-17 01:58:00,4.23,37,CHAdeMO,4W,50.53
ST005,Mumbai,2025-06-30 14:17:00,14.4,50,CHAdeMO,2W,136.14
ST005,Mumbai,2025-06-19 14:46:00,49.03,173,Type 2,Bus,464.16
ST010,Hyderabad,2025-06-18 00:09:00,8.51,36,CHAdeMO,4W,97.95
ST001,Delhi,2025-06-30 07:16:00,7.2,29,Type 2,Truck,57.83
ST002,Hyderabad,2025-06-18 02:29:00,11.77,55,Type 1,3W,112.44
ST008,Chennai,2025-06-16 21:07:00,25.96,134,CHAdeMO,2W,216.59
ST002,Mumbai,2025-06-20 17:04:00,11.9,66,Type 1,4W,111.5
ST010,Mumbai,2025-06-10 16:15:00,16.71,136,CHAdeMO,2W,170.11
ST008,Bangalore,2025-06-30 03:17:00,11.32,69,Type 1,Truck,125.62
ST001,Hyderabad,2025-06-20 13:47:00,19.41,136,Type 2,2W,229.24
ST007,Hyderabad,2025-06-12 11:19:00,23.93,177,Type 2,2W,217.66
ST002,Hyderabad,2025-06-21 13:04:00,25.0,122,CCS,3W,283.05
ST002,Mumbai,2025-06-16 13:34:00,12.09,91,CCS,Bus,120.01
ST009,Bangalore,2025-06-20 21:05:00,29.66,105,CHAdeMO,2W,303.83
ST010,Bangalore,2025-06-04 12:59:00,36.4,163,CCS,4W,293.27
ST008,Bangalore,2025-06-23 17:31:00,11.78,96,CHAdeMO,4W,118.77
ST001,Mumbai,2025-06-06 17:19:00,33.61,177,Type 1,2W,298.27
ST004,Mumbai,2025-06-25 20:28:00,12.55,57,Type 2,4W,110.93
ST004,Delhi,2025-06-01 15:41:00,28.64,109,Type 1,4W,331.84
ST009,Chennai,2025-06-23 17:11:00,23.95,131,CCS,4W,270.94
ST007,Delhi,2025-06-16 06:48:00,12.55,44,CHAdeMO,Bus,119.13
ST009,Delhi,2025-06-08 09:39:00,28.64,153,CCS,Bus,301.76
ST010,Chennai,2025-06-04 23:42:00,4.84,41,Type 1,Truck,56.77
ST002,Mumbai,2025-06-29 09:23:00,18.47,154,CHAdeMO,Truck,190.7
ST001,Hyderabad,2025-06-20 03:27:00,9.98,69,CHAdeMO,Truck,95.05
ST004,Mumbai,2025-06-06 15:55:00,30.53,104,CHAdeMO,Bus,355.12
ST007,Chennai,2025-06-18 01:12:00,14.51,72,CCS,4W,133.92
ST007,Bangalore,2025-06-01 04:32:00,12.89,121,Type 1,3W,143.88
ST009,Delhi,2025-06-15 10:45:00,13.41,100,CHAdeMO,3W,137.09
ST007,Bangalore,2025-06-29 01:07:00,31.98,179,Type 1,Truck,310.73
ST007,Bangalore,2025-06-19 08:18:00,19.53,96,CHAdeMO,3W,164.02
ST003,Delhi,2025-06-06 09:17:00,37.91,176,CHAdeMO,4W,430.25
ST003,Hyderabad,2025-06-10 06:33:00,4.51,38,CHAdeMO,2W,47.43
ST010,Bangalore,2025-06-02 06:23:00,41.78,173,Type 1,Truck,398.15
ST003,Mumbai,2025-06-29 21:00:00,44.97,176,Type 2,3W,477.14
ST004,Hyderabad,2025-06-09 19:42:00,40.75,152,CHAdeMO,4W,433.46
ST005,Chennai,2025-06-07 13:02:00,18.31,175,Type 1,2W,180.11
ST010,Chennai,2025-06-05 20:57:00,7.98,51,Type 2,2W,66.31
ST006,Bangalore,2025-06-18 18:51:00,7.93,40,Type 1,Bus,65.77
ST002,Bangalore,2025-06-20 02:39:00,30.85,111,CHAdeMO,3W,268.99
ST001,Bangalore,2025-06-26 19:38:00,38.95,176,Type 1,2W,463.65
ST006,Mumbai,2025-06-28 22:39:00,35.16,168,Type 2,Truck,385.59
ST002,Bangalore,2025-06-28 14:02:00,4.56,22,Type 2,3W,52.29
ST002,Bangalore,2025-06-02 08:13:00,12.52,98,Type 1,3W,113.56
ST008,Bangalore,2025-06-05 04:27:00,25.13,104,CCS,Bus,275.95
ST008,Mumbai,2025-06-24 07:57:00,33.28,117,CCS,3W,292.58
ST005,Mumbai,2025-06-05 16:23:00,42.42,164,CCS,3W,474.1
ST008,Mumbai,2025-06-21 07:19:00,26.97,123,CCS,4W,282.96
ST010,Mumbai,2025-06-20 12:55:00,14.09,66,CCS,2W,138.05
ST001,Delhi,2025-06-12 12:24:00,30.02,165,CCS,Bus,243.76
ST003,Hyderabad,2025-06-20 13:00:00,10.64,62,Type 1,3W,113.08
ST006,Bangalore,2025-06-15 07:27:00,4.69,46,Type 1,4W,41.53
ST010,Hyderabad,2025-06-11 14:06:00,17.89,158,CCS,Truck,158.3
ST004,Chennai,2025-06-26 12:42:00,20.92,86,Type 1,Truck,242.06
ST007,Mumbai,2025-06-15 11:06:00,13.4,96,Type 1,Bus,133.93
ST005,Mumbai,2025-06-06 10:15:00,8.77,46,CCS,Truck,83.59
ST010,Chennai,2025-06-13 23:20:00,4.35,19,Type 1,Bus,39.75
ST007,Chennai,2025-06-25 06:41:00,16.17,150,Type 1,2W,159.75
ST007,Hyderabad,2025-06-13 12:01:00,24.07,96,CHAdeMO,2W,246.14
ST006,Mumbai,2025-06-28 20:49:00,4.82,27,CHAdeMO,Bus,54.92
ST002,Hyderabad,2025-06-29 02:59:00,4.34,41,Type 1,2W,37.13
ST006,Mumbai,2025-06-11 07:13:00,6.82,58,CCS,Truck,81.56
ST001,Hyderabad,2025-06-02 23:03:00,4.71,43,CCS,2W,42.65
ST010,Mumbai,2025-06-13 06:48:00,16.53,58,CHAdeMO,2W,140.59
ST003,Delhi,2025-06-19 19:25:00,33.71,178,Type 1,Truck,340.82
ST010,Mumbai,2025-06-23 07:19:00,14.14,86,CHAdeMO,3W,118.31
ST005,Chennai,2025-06-17 01:34:00,41.94,157,Type 2,3W,452.11
ST002,Mumbai,2025-06-03 17:49:00,7.08,69,Type 2,Bus,79.82
ST004,Mumbai,2025-06-05 18:10:00,14.46,102,CCS,4W,156.66
ST003,Delhi,2025-06-05 19:24:00,6.9,48,CCS,Bus,82.11
ST010,Delhi,2025-06-10 05:45:00,16.1,117,CCS,Bus,139.37
ST005,Delhi,2025-06-30 12:12:00,5.31,41,Type 1,2W,47.59
ST008,Bangalore,2025-06-13 03:22:00,4.3,22,CHAdeMO,4W,38.97
ST009,Chennai,2025-06-17 03:07:00,17.8,125,CHAdeMO,Truck,173.08
ST006,Chennai,2025-06-21 02:03:00,14.61,84,Type 1,Bus,159.66
ST007,Bangalore,2025-06-14 09:07:00,11.37,63,CCS,Truck,118.59
ST009,Mumbai,2025-06-05 23:15:00,6.19,27,Type 1,3W,52.37
ST001,Delhi,2025-06-13 02:44:00,8.6,76,Type 1,4W,76.59
ST010,Mumbai,2025-06-18 20:04:00,13.83,115,CCS,Bus,122.02
ST004,Hyderabad,2025-06-29 23:39:00,21.22,88,CCS,2W,177.76
ST009,Delhi,2025-06-22 16:44:00,25.16,93,Type 2,3W,232.99
ST002,Bangalore,2025-06-09 12:37:00,28.0,100,Type 2,2W,298.6
ST007,Hyderabad,2025-06-01 22:44:00,17.69,60,Type 1,3W,189.58
ST001,Delhi,2025-06-17 00:38:00,29.46,136,CHAdeMO,3W,291.37
ST001,Chennai,2025-06-26 19:36:00,23.77,89,Type 2,3W,263.87
ST002,Hyderabad,2025-06-16 06:38:00,25.76,130,CCS,Truck,232.6
ST008,Hyderabad,2025-06-17 13:54:00,13.56,132,CCS,4W,147.0
ST009,Delhi,2025-06-23 01:02:00,6.62,43,Type 1,3W,78.87
ST004,Bangalore,2025-06-17 06:09:00,15.08,142,CHAdeMO,4W,133.08
ST002,Bangalore,2025-06-18 04:38:00,21.64,178,CCS,Truck,250.96
ST008,Delhi,2025-06-08 23:05:00,23.13,82,CCS,4W,221.22
ST007,Hyderabad,2025-06-15 01:51:00,6.82,63,CCS,Truck,57.91
ST008,Delhi,2025-06-16 19:00:00,10.74,88,Type 1,Bus,125.75
ST003,Mumbai,2025-06-07 20:05:00,43.41,148,Type 2,4W,431.81
ST002,Hyderabad,2025-06-01 17:01:00,14.17,131,CCS,Truck,120.36
ST008,Hyderabad,2025-06-01 05:33:00,21.31,125,Type 1,2W,191.91
ST006,Hyderabad,2025-06-23 20:18:00,20.7,158,Type 1,4W,177.41
ST004,Mumbai,2025-06-27 15:13:00,5.54,35,Type 1,Bus,64.99
ST004,Mumbai,2025-06-20 05:33:00,34.33,117,Type 1,4W,401.0
ST010,Hyderabad,2025-06-08 21:17:00,29.76,159,CCS,Truck,254.65
ST004,Hyderabad,2025-06-07 04:12:00,25.51,121,CCS,4W,212.81
ST010,Mumbai,2025-06-25 20:11:00,10.69,61,CHAdeMO,2W,91.45
ST008,Hyderabad,2025-06-23 22:18:00,20.53,106,CHAdeMO,Bus,198.77
ST007,Mumbai,2025-06-02 06:13:00,16.63,158,CHAdeMO,2W,183.32
ST010,Hyderabad,2025-06-12 01:02:00,33.0,163,Type 2,Truck,335.71
ST010,Hyderabad,2025-06-03 10:28:00,14.4,115,Type 1,Bus,161.71
ST009,Mumbai,2025-06-03 11:21:00,3.99,36,Type 1,4W,41.41
ST005,Delhi,2025-06-22 21:53:00,27.01,99,Type 1,Truck,288.94
ST001,Bangalore,2025-06-24 11:53:00,10.83,51,CHAdeMO,3W,96.32
ST003,Hyderabad,2025-06-29 14:12:00,22.92,94,Type 1,Bus,240.54
ST004,Chennai,2025-06-04 01:20:00,1.96,15,Type 1,Truck,16.44
ST004,Chennai,2025-06-22 13:27:00,5.6,21,CHAdeMO,Bus,46.05
ST002,Hyderabad,2025-06-19 09:53:00,40.92,138,Type 2,Truck,369.96
ST010,Mumbai,2025-06-30 22:53:00,21.44,172,Type 2,2W,187.37
ST004,Bangalore,2025-06-24 06:42:00,21.57,154,CHAdeMO,4W,197.53
ST002,Delhi,2025-06-23 10:26:00,25.46,109,CHAdeMO,Bus,274.73
ST002,Mumbai,2025-06-19 23:21:00,15.94,123,CCS,Bus,135.18
ST007,Chennai,2025-06-27 10:06:00,9.83,92,CHAdeMO,2W,114.35
ST006,Bangalore,2025-06-22 07:04:00,20.51,132,Type 2,4W,205.15
ST009,Bangalore,2025-06-16 21:01:00,26.54,149,Type 1,3W,281.95
ST006,Delhi,2025-06-16 10:35:00,32.08,132,Type 2,4W,357.37
ST005,Mumbai,2025-06-04 02:30:00,35.41,180,CHAdeMO,Truck,376.62
ST010,Delhi,2025-06-30 23:42:00,22.62,149,CCS,Truck,267.39
ST006,Delhi,2025-06-29 02:26:00,13.39,118,Type 1,3W,119.53
ST002,Mumbai,2025-06-22 16:22:00,24.44,97,Type 2,2W,283.48
ST003,Mumbai,2025-06-20 02:48:00,3.48,31,CCS,2W,28.36
ST002,Mumbai,2025-06-18 00:51:00,38.46,170,Type 1,3W,357.09
ST008,Mumbai,2025-06-07 01:30:00,38.23,178,Type 2,3W,344.45
ST008,Hyderabad,2025-06-11 06:18:00,16.4,66,CHAdeMO,Truck,184.25
ST004,Chennai,2025-06-27 11:49:00,4.74,21,Type 1,3W,38.55
ST003,Chennai,2025-06-17 08:44:00,25.43,119,Type 1,4W,222.29
ST009,Mumbai,2025-06-09 15:40:00,14.56,68,CHAdeMO,Truck,136.99
ST010,Delhi,2025-06-07 06:35:00,6.01,32,CHAdeMO,2W,61.76
ST003,Delhi,2025-06-14 13:44:00,4.94,40,Type 2,2W,51.41
ST006,Chennai,2025-06-11 04:41:00,25.32,89,CCS,Bus,273.79
ST002,Bangalore,2025-06-14 02:38:00,7.03,34,Type 2,Truck,82.44
ST009,Hyderabad,2025-06-19 04:03:00,19.26,173,Type 1,Truck,190.36
ST005,Chennai,2025-06-02 11:15:00,18.61,101,Type 2,4W,214.98
ST001,Bangalore,2025-06-10 07:04:00,40.82,155,CCS,2W,365.03
ST002,Delhi,2025-06-28 18:17:00,4.06,24,Type 1,Bus,42.19
ST010,Chennai,2025-06-26 02:18:00,39.64,137,CCS,2W,333.62
ST008,Delhi,2025-06-11 06:01:00,19.38,104,CCS,3W,156.7
ST001,Chennai,2025-06-09 22:16:00,33.47,151,CHAdeMO,2W,341.73
ST001,Mumbai,2025-06-18 04:02:00,8.74,47,CHAdeMO,Truck,74.74
ST008,Chennai,2025-06-29 00:27:00,18.57,109,CCS,Bus,216.75
ST004,Bangalore,2025-06-05 04:28:00,16.83,165,CHAdeMO,Truck,172.88
ST001,Bangalore,2025-06-03 14:07:00,3.79,34,CHAdeMO,3W,34.6
ST006,Hyderabad,2025-06-28 09:59:00,23.07,77,Type 2,Truck,221.27
ST002,Chennai,2025-06-04 11:25:00,22.73,79,Type 2,Bus,245.96
ST006,Bangalore,2025-06-21 04:27:00,26.52,92,CCS,3W,268.05
ST005,Hyderabad,2025-06-25 15:22:00,17.29,143,CCS,Bus,187.11
ST010,Mumbai,2025-06-13 17:35:00,4.92,35,Type 2,Truck,43.9
ST009,Bangalore,2025-06-06 14:04:00,26.95,110,Type 2,2W,321.02
ST008,Mumbai,2025-06-06 04:46:00,4.0,20,Type 1,4W,36.45
ST007,Hyderabad,2025-06-04 20:17:00,4.67,30,CHAdeMO,Bus,37.71
ST007,Mumbai,2025-06-21 04:59:00,3.77,26,CHAdeMO,3W,40.11
ST009,Chennai,2025-06-14 21:18:00,4.79,23,CCS,2W,55.76
ST006,Hyderabad,2025-06-27 21:29:00,17.6,70,CCS,Truck,171.36
ST007,Chennai,2025-06-05 23:17:00,27.71,156,CCS,Truck,273.05
ST010,Delhi,2025-06-24 14:47:00,10.73,81,CHAdeMO,Bus,117.84
ST004,Bangalore,2025-06-01 16:35:00,22.35,86,CCS,2W,268.09
ST009,Hyderabad,2025-06-16 08:40:00,28.81,161,CCS,4W,261.45
ST005,Delhi,2025-06-01 13:28:00,7.42,46,CCS,4W,84.52
ST008,Mumbai,2025-06-01 18:51:00,12.93,127,Type 1,4W,128.28
ST009,Bangalore,2025-06-19 14:18:00,6.26,29,Type 1,4W,72.54
ST009,Hyderabad,2025-06-03 21:57:00,17.27,127,CCS,4W,198.19
ST003,Bangalore,2025-06-29 16:29:00,7.63,59,Type 1,3W,64.53
ST001,Bangalore,2025-06-24 01:28:00,27.43,127,Type 1,Truck,298.15
ST001,Hyderabad,2025-06-12 17:11:00,4.48,19,CCS,Truck,48.71
ST010,Bangalore,2025-06-16 21:59:00,4.85,42,CHAdeMO,2W,48.71
ST004,Bangalore,2025-06-15 19:50:00,28.06,161,CHAdeMO,2W,296.53
ST005,Bangalore,2025-06-02 02:58:00,21.7,98,CCS,4W,258.24
ST006,Mumbai,2025-06-14 09:11:00,18.48,174,CCS,2W,169.34
ST003,Delhi,2025-06-02 03:53:00,9.32,42,CCS,Truck,101.24
ST009,Delhi,2025-06-16 15:47:00,12.3,70,Type 1,3W,117.15
ST002,Chennai,2025-06-11 05:18:00,31.91,159,CHAdeMO,Truck,348.85
ST009,Chennai,2025-06-28 15:07:00,31.3,135,CHAdeMO,4W,284.1
ST010,Hyderabad,2025-06-12 02:32:00,14.71,99,CCS,3W,144.5
ST002,Bangalore,2025-06-21 06:04:00,20.51,119,CCS,Truck,205.56
ST006,Mumbai,2025-06-28 13:03:00,13.85,73,CHAdeMO,3W,142.34
ST003,Delhi,2025-06-12 03:32:00,27.94,119,Type 2,Truck,252.61
ST005,Hyderabad,2025-06-15 06:48:00,5.23,45,CHAdeMO,Truck,62.41
ST010,Mumbai,2025-06-29 19:00:00,18.2,65,CHAdeMO,2W,157.74
ST007,Hyderabad,2025-06-26 05:44:00,33.56,135,Type 2,2W,380.42
ST001,Bangalore,2025-06-04 07:45:00,9.74,48,CHAdeMO,Bus,91.73
ST007,Delhi,2025-06-11 23:42:00,11.14,90,CCS,Truck,116.25
ST002,Chennai,2025-06-04 08:33:00,30.45,105,CHAdeMO,Bus,333.82
ST007,Hyderabad,2025-06-22 17:07:00,12.09,49,Type 1,3W,140.03
ST010,Delhi,2025-06-17 20:00:00,23.04,131,CHAdeMO,3W,231.2
ST010,Hyderabad,2025-06-05 09:50:00,11.8,74,CCS,2W,121.03
ST009,Delhi,2025-06-24 03:07:00,19.47,124,CHAdeMO,4W,214.74
ST003,Chennai,2025-06-10 14:07:00,25.48,125,CCS,2W,239.24
ST003,Chennai,2025-06-14 02:24:00,16.77,85,Type 2,3W,153.51
ST005,Delhi,2025-06-05 19:54:00,17.26,74,Type 2,2W,152.36
ST009,Bangalore,2025-06-02 05:52:00,47.13,168,Type 2,2W,469.11
ST001,Hyderabad,2025-06-10 05:53:00,25.09,87,CHAdeMO,Bus,253.0
ST008,Hyderabad,2025-06-05 23:43:00,8.5,45,CHAdeMO,Bus,76.94
ST003,Hyderabad,2025-06-06 07:12:00,27.38,105,Type 2,2W,254.87
ST009,Hyderabad,2025-06-13 13:35:00,29.62,131,Type 1,4W,342.68
ST001,Mumbai,2025-06-05 13:42:00,24.2,148,Type 1,2W,217.4
ST010,Mumbai,2025-06-11 00:31:00,9.95,65,Type 2,Bus,111.99
ST008,Hyderabad,2025-06-06 23:57:00,14.75,65,Type 1,Truck,168.57
ST004,Chennai,2025-06-20 18:23:00,6.34,32,Type 2,3W,51.7
ST005,Delhi,2025-06-18 07:22:00,38.15,176,CCS,Bus,386.15
ST003,Hyderabad,2025-06-11 13:17:00,20.79,89,CHAdeMO,Bus,216.04
ST009,Mumbai,2025-06-14 10:40:00,5.61,39,CCS,Bus,66.63
ST006,Bangalore,2025-06-20 08:03:00,5.95,44,CCS,2W,55.87
ST007,Bangalore,2025-06-23 00:22:00,30.83,140,Type 2,2W,282.52
ST009,Bangalore,2025-06-19 14:44:00,6.37,30,CCS,4W,68.16
ST007,Mumbai,2025-06-21 02:43:00,22.11,123,Type 1,4W,219.82
ST004,Hyderabad,2025-06-29 22:58:00,4.2,26,CHAdeMO,3W,43.22
ST003,Delhi,2025-06-10 09:13:00,21.36,175,CCS,3W,222.57
ST001,Chennai,2025-06-18 06:10:00,9.73,38,CCS,4W,107.69
ST009,Chennai,2025-06-30 19:21:00,5.5,27,CCS,Truck,48.37
ST003,Delhi,2025-06-19 00:01:00,11.54,73,Type 2,4W,107.62
ST004,Delhi,2025-06-12 07:39:00,1.93,18,Type 1,Truck,16.23
ST007,Mumbai,2025-06-02 22:11:00,8.61,55,Type 1,3W,90.63
ST004,Chennai,2025-06-13 09:35:00,12.08,46,CHAdeMO,Bus,102.98
ST005,Chennai,2025-06-04 11:35:00,6.63,33,CHAdeMO,2W,53.43
ST009,Delhi,2025-06-07 21:51:00,9.64,39,CHAdeMO,3W,109.18
ST005,Hyderabad,2025-06-20 08:22:00,36.31,146,CCS,4W,357.13
ST002,Hyderabad,2025-06-30 20:34:00,31.47,162,CCS,Bus,263.47
ST007,Delhi,2025-06-13 16:15:00,21.65,138,Type 2,Bus,174.69
ST008,Mumbai,2025-06-17 23:07:00,37.41,154,CHAdeMO,3W,385.75
ST001,Mumbai,2025-06-11 13:31:00,22.44,129,Type 1,4W,209.36
ST002,Chennai,2025-06-26 12:38:00,8.21,58,CHAdeMO,Truck,73.89
ST003,Mumbai,2025-06-29 01:22:00,27.84,136,Type 2,2W,308.18
ST005,Mumbai,2025-06-15 04:11:00,26.95,101,Type 1,4W,289.87
ST010,Mumbai,2025-06-01 06:05:00,19.76,83,CHAdeMO,Truck,197.59
ST004,Hyderabad,2025-06-21 23:56:00,28.0,138,Type 1,2W,271.68
ST002,Mumbai,2025-06-06 19:01:00,2.38,18,Type 1,3W,20.92
ST002,Chennai,2025-06-20 07:19:00,18.91,141,CHAdeMO,3W,207.93
ST009,Mumbai,2025-06-19 04:15:00,2.71,17,CHAdeMO,4W,29.48
ST005,Delhi,2025-06-15 16:07:00,47.8,172,Type 2,3W,437.89
ST004,Delhi,2025-06-17 21:30:00,32.47,147,CHAdeMO,Bus,287.11
ST006,Bangalore,2025-06-08 11:23:00,36.21,149,CHAdeMO,2W,335.69
ST003,Bangalore,2025-06-22 09:54:00,9.56,32,Type 1,4W,103.3
ST004,Chennai,2025-06-25 11:20:00,21.94,132,Type 1,Truck,216.65
ST003,Chennai,2025-06-16 22:47:00,37.49,177,Type 2,4W,394.22
ST004,Hyderabad,2025-06-13 22:24:00,26.89,124,CCS,4W,282.29
ST007,Hyderabad,2025-06-26 12:53:00,34.93,153,Type 2,2W,362.24
ST002,Bangalore,2025-06-13 17:49:00,9.16,60,Type 1,3W,102.48
ST010,Mumbai,2025-06-16 00:37:00,41.21,162,CCS,Truck,439.88
ST008,Bangalore,2025-06-08 15:36:00,3.85,15,Type 2,2W,45.12
ST010,Bangalore,2025-06-07 12:33:00,11.12,57,Type 1,4W,92.42
ST001,Bangalore,2025-06-24 06:55:00,23.51,127,CHAdeMO,4W,216.53
ST002,Bangalore,2025-06-26 11:49:00,20.18,115,CHAdeMO,Bus,190.09
ST009,Hyderabad,2025-06-25 03:39:00,9.68,35,Type 2,3W,114.05
ST005,Bangalore,2025-06-20 21:35:00,29.76,158,CCS,2W,304.49
ST007,Hyderabad,2025-06-09 02:26:00,5.74,21,CHAdeMO,4W,62.65
ST004,Delhi,2025-06-26 11:26:00,11.12,63,Type 2,2W,97.67
ST006,Delhi,2025-06-09 20:52:00,3.48,16,CCS,2W,40.52
ST005,Delhi,2025-06-01 14:11:00,26.28,170,CCS,Bus,252.11
ST005,Hyderabad,2025-06-29 10:57:00,8.53,29,Type 1,Bus,102.27
ST008,Mumbai,2025-06-08 21:48:00,34.0,136,Type 1,2W,322.26
ST010,Bangalore,2025-06-09 01:13:00,5.6,48,Type 1,2W,54.73
ST001,Hyderabad,2025-06-05 10:28:00,23.95,154,Type 2,Truck,262.25
ST006,Hyderabad,2025-06-08 16:49:00,40.33,165,CCS,Truck,324.93
ST007,Mumbai,2025-06-03 19:09:00,4.3,31,Type 2,4W,35.84
ST008,Chennai,2025-06-13 12:56:00,23.76,170,CHAdeMO,3W,250.46
ST001,Hyderabad,2025-06-13 11:01:00,26.88,158,CCS,Bus,276.13
ST002,Delhi,2025-06-22 01:43:00,4.56,37,Type 1,3W,49.79
ST003,Hyderabad,2025-06-27 21:41:00,51.3,175,Type 2,2W,455.04
ST006,Mumbai,2025-06-04 16:46:00,12.6,78,Type 2,3W,116.45
ST007,Hyderabad,2025-06-09 02:25:00,11.02,86,CCS,Bus,98.12
ST004,Hyderabad,2025-06-10 01:36:00,17.75,60,CCS,Bus,160.78
ST008,Hyderabad,2025-06-27 08:05:00,18.34,108,CHAdeMO,3W,149.41
ST010,Mumbai,2025-06-08 02:04:00,32.49,152,CHAdeMO,4W,343.88
ST005,Bangalore,2025-06-16 13:45:00,30.08,143,CCS,2W,302.4
ST004,Hyderabad,2025-06-10 22:23:00,20.39,134,Type 1,Truck,216.81
ST003,Mumbai,2025-06-07 08:42:00,29.13,134,CCS,Truck,277.07
ST010,Chennai,2025-06-15 16:06:00,9.26,41,Type 1,3W,89.69
ST006,Hyderabad,2025-06-30 11:39:00,5.5,40,CCS,4W,47.58
ST009,Bangalore,2025-06-01 23:45:00,33.25,127,CHAdeMO,Truck,342.6
ST007,Mumbai,2025-06-22 13:16:00,11.59,77,CCS,Truck,108.38
ST007,Hyderabad,2025-06-02 19:49:00,18.69,74,Type 1,Bus,181.36
ST005,Delhi,2025-06-19 05:43:00,17.55,166,Type 2,4W,202.64
ST009,Bangalore,2025-06-26 20:23:00,6.3,50,CCS,2W,74.85
ST005,Bangalore,2025-06-16 18:02:00,23.65,132,CHAdeMO,2W,251.5
ST004,Bangalore,2025-06-14 17:04:00,10.79,93,Type 2,3W,105.16
ST004,Bangalore,2025-06-26 06:35:00,11.11,110,Type 2,4W,93.32
ST009,Mumbai,2025-06-10 16:05:00,31.55,135,CHAdeMO,3W,348.7
ST002,Mumbai,2025-06-06 20:21:00,24.25,96,Type 2,Bus,269.01
ST005,Mumbai,2025-06-28 04:00:00,23.78,115,CCS,Bus,253.96
ST010,Chennai,2025-06-11 02:08:00,23.06,170,Type 2,4W,217.9
ST009,Chennai,2025-06-28 18:54:00,42.06,168,Type 1,3W,359.71
ST004,Chennai,2025-06-10 14:43:00,17.21,92,CCS,Bus,182.7
ST007,Bangalore,2025-06-13 23:15:00,16.67,94,CHAdeMO,2W,150.76
ST007,Bangalore,2025-06-08 10:37:00,27.43,116,Type 1,Bus,307.9
ST006,Chennai,2025-06-30 20:23:00,30.76,118,Type 1,3W,285.33
ST010,Delhi,2025-06-18 11:25:00,13.4,131,CHAdeMO,Bus,148.54
ST005,Mumbai,2025-06-12 18:30:00,21.8,177,CHAdeMO,Truck,206.91
ST008,Hyderabad,2025-06-25 08:23:00,13.21,108,Type 2,Bus,133.78
ST007,Chennai,2025-06-07 20:15:00,2.68,16,CCS,3W,26.96
ST010,Mumbai,2025-06-20 19:00:00,5.21,27,Type 1,2W,59.77
ST008,Hyderabad,2025-06-03 06:41:00,39.86,168,CCS,Bus,372.68
ST005,Chennai,2025-06-25 16:49:00,11.27,83,CCS,Bus,90.95
ST006,Hyderabad,2025-06-29 22:39:00,5.26,24,CCS,2W,53.26
ST007,Bangalore,2025-06-08 23:24:00,7.45,36,Type 2,3W,78.46
ST007,Hyderabad,2025-06-16 17:15:00,31.39,132,Type 2,Truck,322.57
ST001,Chennai,2025-06-15 20:43:00,11.84,110,Type 1,Bus,119.0
ST002,Hyderabad,2025-06-29 23:29:00,16.97,92,Type 1,3W,200.27
ST005,Chennai,2025-06-20 17:25:00,11.38,44,CCS,4W,119.06
ST009,Bangalore,2025-06-03 05:20:00,23.61,110,Type 2,Bus,214.83
ST003,Hyderabad,2025-06-23 19:50:00,5.74,26,Type 2,4W,52.18
ST007,Bangalore,2025-06-01 20:26:00,28.0,121,CCS,4W,275.79
ST006,Chennai,2025-06-11 01:44:00,7.46,72,CCS,3W,61.58
ST005,Delhi,2025-06-21 23:08:00,30.39,165,CCS,Truck,290.41
ST009,Chennai,2025-06-16 14:35:00,16.72,102,CHAdeMO,3W,164.66
ST008,Bangalore,2025-06-25 05:20:00,13.61,58,CCS,Bus,110.64
ST010,Chennai,2025-06-29 17:38:00,29.5,139,CCS,2W,260.49
ST009,Hyderabad,2025-06-14 20:05:00,22.27,89,CHAdeMO,Bus,180.79
ST010,Delhi,2025-06-08 14:07:00,29.64,174,CHAdeMO,Bus,355.19
ST001,Hyderabad,2025-06-26 07:46:00,41.71,140,CHAdeMO,Truck,355.65
ST010,Chennai,2025-06-05 09:55:00,16.66,116,Type 1,Truck,152.56
ST003,Mumbai,2025-06-26 00:49:00,20.28,119,Type 2,Bus,235.29
ST005,Hyderabad,2025-06-17 12:41:00,21.32,176,CCS,Truck,216.24
ST007,Bangalore,2025-06-19 09:14:00,35.44,141,CCS,Bus,305.77
ST003,Mumbai,2025-06-14 03:01:00,3.1,15,CCS,Bus,32.94
ST002,Mumbai,2025-06-27 09:41:00,35.97,122,CHAdeMO,3W,379.33
ST010,Bangalore,2025-06-07 07:21:00,38.3,171,Type 1,Truck,393.81
ST007,Chennai,2025-06-15 19:00:00,25.65,171,CHAdeMO,2W,302.86
ST001,Delhi,2025-06-30 18:28:00,23.99,114,Type 2,3W,235.85
ST004,Bangalore,2025-06-22 11:44:00,10.86,66,CCS,2W,125.73
ST004,Delhi,2025-06-21 23:43:00,19.67,132,CHAdeMO,3W,220.05
ST008,Delhi,2025-06-30 04:33:00,11.21,43,CCS,3W,100.66
ST002,Chennai,2025-06-02 11:18:00,32.54,119,CHAdeMO,Bus,269.48
ST007,Hyderabad,2025-06-25 10:55:00,10.94,45,Type 1,Bus,108.56
ST001,Hyderabad,2025-06-19 03:09:00,4.32,25,CHAdeMO,Bus,48.17
ST002,Bangalore,2025-06-12 22:43:00,40.87,163,Type 1,3W,386.87
ST006,Bangalore,2025-06-12 01:29:00,19.6,138,Type 1,4W,207.14
ST002,Mumbai,2025-06-23 08:55:00,19.36,77,CCS,4W,208.25
ST006,Mumbai,2025-06-12 17:43:00,24.81,160,Type 1,3W,213.17
ST005,Chennai,2025-06-11 01:24:00,23.19,109,CCS,4W,273.16
ST003,Delhi,2025-06-29 20:22:00,18.14,93,CHAdeMO,4W,156.33
ST003,Bangalore,2025-06-28 15:29:00,24.19,89,CCS,3W,196.23
ST004,Delhi,2025-06-14 18:54:00,11.28,52,CCS,4W,122.78
ST009,Mumbai,2025-06-22 16:58:00,48.44,173,CCS,3W,501.28
ST009,Hyderabad,2025-06-24 19:37:00,19.32,110,CHAdeMO,3W,221.85
ST008,Bangalore,2025-06-23 00:39:00,11.52,112,Type 1,4W,102.52
ST004,Bangalore,2025-06-07 19:56:00,19.07,86,Type 1,3W,179.75
ST008,Delhi,2025-06-30 01:33:00,4.82,18,Type 2,3W,45.57
ST001,Mumbai,2025-06-29 12:11:00,11.62,40,Type 1,4W,118.68
ST009,Delhi,2025-06-04 14:46:00,5.49,29,Type 2,3W,49.54
ST003,Bangalore,2025-06-11 09:24:00,17.75,131,CCS,Truck,161.7
ST004,Chennai,2025-06-07 00:46:00,23.76,148,Type 2,3W,213.26
ST010,Mumbai,2025-06-22 03:06:00,8.3,40,Type 1,4W,92.63
ST002,Bangalore,2025-06-22 18:25:00,8.29,44,CHAdeMO,3W,69.63
ST010,Bangalore,2025-06-28 05:29:00,22.24,139,Type 1,Truck,216.15
ST002,Mumbai,2025-06-30 05:55:00,13.94,64,CHAdeMO,2W,125.56
ST007,Delhi,2025-06-13 07:43:00,31.9,141,CCS,Truck,316.87
ST005,Hyderabad,2025-06-13 00:34:00,22.62,151,CCS,Truck,226.48
ST008,Chennai,2025-06-09 06:59:00,14.08,139,CHAdeMO,Bus,121.83
ST002,Mumbai,2025-06-14 20:44:00,11.12,39,CHAdeMO,4W,117.33
ST009,Bangalore,2025-06-09 19:27:00,10.61,42,Type 2,4W,106.18
ST006,Delhi,2025-06-22 11:24:00,9.71,41,Type 2,Truck,103.78
ST006,Bangalore,2025-06-09 17:36:00,29.83,116,Type 2,Truck,317.7
ST006,Delhi,2025-06-22 13:29:00,43.04,167,CCS,3W,504.92
ST008,Hyderabad,2025-06-17 21:00:00,8.38,52,CCS,4W,82.11
ST007,Delhi,2025-06-18 21:51:00,12.24,121,CHAdeMO,2W,145.35
ST006,Bangalore,2025-06-21 19:02:00,8.83,85,Type 2,3W,94.02
ST005,Hyderabad,2025-06-17 23:56:00,3.45,21,CHAdeMO,4W,35.3
ST004,Bangalore,2025-06-29 02:32:00,26.89,143,CCS,2W,223.13
ST003,Hyderabad,2025-06-22 19:56:00,32.2,166,Type 1,Bus,346.19
ST008,Bangalore,2025-06-13 17:59:00,36.93,170,Type 1,2W,303.73
ST006,Hyderabad,2025-06-25 11:31:00,20.45,109,CCS,2W,202.2
ST002,Hyderabad,2025-06-19 19:57:00,14.56,53,CCS,Truck,128.13
ST002,Mumbai,2025-06-12 03:51:00,21.03,98,CCS,Truck,212.91
ST005,Chennai,2025-06-07 09:25:00,8.77,32,CCS,4W,101.91
ST008,Bangalore,2025-06-09 09:07:00,18.79,97,CHAdeMO,4W,175.35
ST005,Hyderabad,2025-06-28 11:18:00,2.56,20,CHAdeMO,Bus,24.54
ST008,Chennai,2025-06-25 01:09:00,8.48,30,CCS,2W,87.03
ST001,Delhi,2025-06-15 21:14:00,30.16,152,CCS,2W,329.88
ST010,Chennai,2025-06-26 09:48:00,8.87,43,Type 1,Truck,103.69
ST010,Bangalore,2025-06-04 07:49:00,32.94,125,CHAdeMO,Bus,380.7
ST003,Hyderabad,2025-06-04 07:45:00,14.0,61,CCS,Bus,141.55
ST007,Chennai,2025-06-19 06:30:00,25.72,162,CHAdeMO,2W,206.64
ST006,Mumbai,2025-06-07 20:22:00,21.96,81,CCS,Truck,215.89
ST004,Delhi,2025-06-17 03:22:00,21.14,162,Type 2,3W,195.21
ST002,Chennai,2025-06-25 06:38:00,48.82,169,Type 1,3W,496.03
ST002,Hyderabad,2025-06-15 08:25:00,16.91,73,Type 2,4W,146.32
ST005,Bangalore,2025-06-10 21:16:00,11.07,105,CHAdeMO,2W,125.5
ST007,Chennai,2025-06-21 04:54:00,11.97,68,CHAdeMO,Bus,114.87
ST004,Mumbai,2025-06-27 20:40:00,5.45,46,Type 2,Truck,63.51
ST009,Chennai,2025-06-08 09:54:00,8.44,68,CHAdeMO,Truck,79.62
ST006,Mumbai,2025-06-09 16:36:00,20.2,68,CCS,Bus,182.23
ST002,Mumbai,2025-06-01 17:38:00,2.82,16,CHAdeMO,Bus,33.41
ST002,Hyderabad,2025-06-17 09:38:00,25.13,94,CHAdeMO,4W,224.1
ST002,Mumbai,2025-06-22 10:51:00,5.51,19,CCS,4W,45.08
ST004,Bangalore,2025-06-26 16:40:00,2.14,17,Type 2,3W,23.07
ST001,Chennai,2025-06-28 03:12:00,18.58,68,CCS,4W,194.54
ST003,Mumbai,2025-06-08 20:19:00,16.95,59,Type 2,3W,160.35
ST002,Bangalore,2025-06-02 08:44:00,20.0,142,CHAdeMO,4W,232.72
ST005,Delhi,2025-06-15 14:41:00,5.65,22,CCS,2W,65.29
ST001,Bangalore,2025-06-19 13:16:00,5.41,26,Type 2,3W,45.45
ST006,Bangalore,2025-06-05 04:37:00,36.31,122,Type 1,Bus,357.93
ST007,Delhi,2025-06-21 01:03:00,13.3,49,Type 1,4W,131.74
ST005,Bangalore,2025-06-15 16:40:00,26.49,153,Type 1,Bus,264.14
ST010,Bangalore,2025-06-06 17:26:00,14.41,71,Type 2,3W,153.28
ST002,Mumbai,2025-06-13 20:20:00,20.82,172,Type 2,4W,181.94
